location	symbol	current_owner	disposition	new_owner	consumer	reason
crates/quant-pivot-api/src/binance/agg_trade.rs:35	MAX_REST_PAGE_SIZE	code	keep_code_constant	owning typed contract module	agg_trade	Stable mathematical, lexical or defensive invariant is not a business configuration
crates/quant-pivot-api/src/binance/agg_trade.rs:36	SPOT_AGG_TRADE_REQUEST_WEIGHT	code	keep_code_constant	owning typed contract module	agg_trade	Stable mathematical, lexical or defensive invariant is not a business configuration
crates/quant-pivot-api/src/binance/agg_trade.rs:37	USDM_FUTURES_AGG_TRADE_REQUEST_WEIGHT	code	keep_code_constant	owning typed contract module	agg_trade	Stable mathematical, lexical or defensive invariant is not a business configuration
crates/quant-pivot-api/src/binance/mod.rs:43	KLINE_REQUEST_WEIGHT	code	keep_code_constant	owning typed contract module	mod	Stable mathematical, lexical or defensive invariant is not a business configuration
crates/quant-pivot-api/src/binance/mod.rs:46	SERVER_TIME_REQUEST_WEIGHT	code	keep_code_constant	owning typed contract module	mod	Stable mathematical, lexical or defensive invariant is not a business configuration
crates/quant-pivot-api/src/binance/mod.rs:49	KLINE_PAGE_SIZE	code	keep_code_constant	owning typed contract module	mod	Stable mathematical, lexical or defensive invariant is not a business configuration
crates/quant-pivot-api/src/binance/wire.rs:17	KLINE_FIELD_COUNT	code	keep_code_constant	owning typed contract module	wire	Stable mathematical, lexical or defensive invariant is not a business configuration
crates/quant-pivot-api/src/ctf/mod.rs:22	STANDARD_BINARY_INDEX_SETS	code	keep_code_constant	owning typed contract module	mod	Stable mathematical, lexical or defensive invariant is not a business configuration
crates/quant-pivot-api/src/exchange/constants.rs:35	CTF_EXCHANGE_V1	code	keep_code_constant	owning typed contract module	constants	Stable mathematical, lexical or defensive invariant is not a business configuration
crates/quant-pivot-api/src/exchange/constants.rs:44	NEG_RISK_EXCHANGE_V1	code	keep_code_constant	owning typed contract module	constants	Stable mathematical, lexical or defensive invariant is not a business configuration
crates/quant-pivot-api/src/exchange/constants.rs:53	CTF_EXCHANGE_V2	code	keep_code_constant	owning typed contract module	constants	Stable mathematical, lexical or defensive invariant is not a business configuration
crates/quant-pivot-api/src/exchange/constants.rs:62	NEG_RISK_EXCHANGE_V2	code	keep_code_constant	owning typed contract module	constants	Stable mathematical, lexical or defensive invariant is not a business configuration
crates/quant-pivot-api/src/exchange/constants.rs:71	EXCHANGE_CONTRACTS	code	keep_code_constant	owning typed contract module	constants	Stable mathematical, lexical or defensive invariant is not a business configuration
crates/quant-pivot-api/src/exchange/denylist.rs:11	CTF_CONTRACT	code	keep_code_constant	owning typed contract module	denylist	Stable mathematical, lexical or defensive invariant is not a business configuration
crates/quant-pivot-api/src/exchange/denylist.rs:13	DENYLIST	code	keep_code_constant	owning typed contract module	denylist	Stable mathematical, lexical or defensive invariant is not a business configuration
crates/quant-pivot-api/src/exchange/order_filled_v1.rs:25	ORDER_FILLED_TOPIC	code	keep_code_constant	owning typed contract module	order_filled_v1	Stable mathematical, lexical or defensive invariant is not a business configuration
crates/quant-pivot-api/src/exchange/order_filled_v2.rs:27	ORDER_FILLED_TOPIC	code	keep_code_constant	owning typed contract module	order_filled_v2	Stable mathematical, lexical or defensive invariant is not a business configuration
crates/quant-pivot-api/src/gamma/sync.rs:26	EVENTS_KEYSET_PATH	code	keep_code_constant	owning typed contract module	sync	Stable mathematical, lexical or defensive invariant is not a business configuration
crates/quant-pivot-api/src/gamma/sync.rs:27	MAX_KEYSET_RESPONSE_BYTES	code	keep_code_constant	owning typed contract module	sync	Stable mathematical, lexical or defensive invariant is not a business configuration
crates/quant-pivot-api/src/gamma/sync.rs:28	MAX_KEYSET_RESPONSE_BYTES_U64	code	keep_code_constant	owning typed contract module	sync	Stable mathematical, lexical or defensive invariant is not a business configuration
crates/quant-pivot-api/src/gamma/wire.rs:8	GAMMA_EVENTS_KEYSET_MAX_PAGE_SIZE	code	keep_safety_limit	centralized defensive-limit module	boundary validator	Defensive upper bound prevents resource amplification and must not be raised through Runtime Config
crates/quant-pivot-api/src/relayer/mod.rs:31	PROXY_FACTORY	code	keep_code_constant	owning typed contract module	mod	Stable mathematical, lexical or defensive invariant is not a business configuration
crates/quant-pivot-api/src/relayer/mod.rs:33	RELAY_HUB	code	keep_code_constant	owning typed contract module	mod	Stable mathematical, lexical or defensive invariant is not a business configuration
crates/quant-pivot-api/src/relayer/mod.rs:35	STANDARD_BINARY_INDEX_SETS	code	keep_code_constant	owning typed contract module	mod	Stable mathematical, lexical or defensive invariant is not a business configuration
crates/quant-pivot-api/src/relayer/mod.rs:37	PROXY_CALL_TYPE	code	keep_code_constant	owning typed contract module	mod	Stable mathematical, lexical or defensive invariant is not a business configuration
crates/quant-pivot-api/src/relayer/mod.rs:39	SAFE_OPERATION_CALL	code	keep_code_constant	owning typed contract module	mod	Stable mathematical, lexical or defensive invariant is not a business configuration
crates/quant-pivot-api/src/relayer/mod.rs:41	PROXY_DEFAULT_GAS_LIMIT	code	keep_code_constant	owning typed contract module	mod	Stable mathematical, lexical or defensive invariant is not a business configuration
crates/quant-pivot-api/src/rtds.rs:30	SUPPORTED_BINANCE_SYMBOLS	code	keep_code_constant	owning typed contract module	rtds	Stable mathematical, lexical or defensive invariant is not a business configuration
crates/quant-pivot-api/src/rtds.rs:31	SUPPORTED_CHAINLINK_FEEDS	code	keep_code_constant	owning typed contract module	rtds	Stable mathematical, lexical or defensive invariant is not a business configuration
crates/quant-pivot-api/src/wallet/mod.rs:249	SIGNER	code	keep_code_constant	owning typed contract module	mod	Stable mathematical, lexical or defensive invariant is not a business configuration
crates/quant-pivot-api/src/wallet/mod.rs:251	DERIVED_SAFE	code	keep_code_constant	owning typed contract module	mod	Stable mathematical, lexical or defensive invariant is not a business configuration
crates/quant-pivot-api/src/wallet/mod.rs:253	NON_DERIVABLE_FUNDER	code	keep_code_constant	owning typed contract module	mod	Stable mathematical, lexical or defensive invariant is not a business configuration
crates/quant-pivot-api/src/weather/airnow.rs:24	FIELD_COUNT	code	keep_code_constant	owning typed contract module	airnow	Stable mathematical, lexical or defensive invariant is not a business configuration
crates/quant-pivot-api/src/weather/airnow.rs:25	HOURLY_AQ_FIELD_COUNT	code	keep_code_constant	owning typed contract module	airnow	Stable mathematical, lexical or defensive invariant is not a business configuration
crates/quant-pivot-api/src/weather/airnow.rs:713	HOURLY_HEADER	code	keep_code_constant	owning adapter contract module	airnow	Stable identifier or protocol spelling is not an operator-tunable value
crates/quant-pivot-api/src/weather/ghcnh.rs:20	MAX_YEAR_FILE_BYTES	code	keep_code_constant	owning typed contract module	ghcnh	Stable mathematical, lexical or defensive invariant is not a business configuration
crates/quant-pivot-api/src/weather/ghcnh.rs:22	REQUIRED_COLUMNS	code	keep_code_constant	owning typed contract module	ghcnh	Stable mathematical, lexical or defensive invariant is not a business configuration
crates/quant-pivot-api/src/weather/gistemp.rs:20	MONTHS	code	keep_code_constant	owning typed contract module	gistemp	Stable mathematical, lexical or defensive invariant is not a business configuration
crates/quant-pivot-api/src/weather/tornado.rs:28	SPC_HEADERS	code	keep_code_constant	owning typed contract module	tornado	Stable mathematical, lexical or defensive invariant is not a business configuration
crates/quant-pivot-api/src/ws/mod.rs:138	MAX_CONCURRENT_CONNECTS	code	keep_code_constant	owning typed contract module	mod	Stable mathematical, lexical or defensive invariant is not a business configuration
crates/quant-pivot-api/src/ws/normalize.rs:24	DELTA_GROUP	code	keep_code_constant	owning typed contract module	normalize	Stable mathematical, lexical or defensive invariant is not a business configuration
crates/quant-pivot-api/src/ws/shard.rs:44	TOKEN_DEBOUNCE	code	keep_code_constant	owning typed contract module	shard	Stable mathematical, lexical or defensive invariant is not a business configuration
crates/quant-pivot-api/src/ws/shard.rs:49	CONNECT_PERMIT_GRACE	code	keep_code_constant	owning typed contract module	shard	Stable mathematical, lexical or defensive invariant is not a business configuration
crates/quant-pivot-api/src/ws/shard.rs:53	STARTUP_STAGGER_STEP	code	keep_code_constant	owning typed contract module	shard	Stable mathematical, lexical or defensive invariant is not a business configuration
crates/quant-pivot-api/src/ws/shard.rs:54	STARTUP_STAGGER_SLOTS	code	keep_code_constant	owning typed contract module	shard	Stable mathematical, lexical or defensive invariant is not a business configuration
crates/quant-pivot-api/src/ws/shard.rs:55	OUTPUT_ENQUEUE_TIMEOUT	code	centralize_operational_constant	owning worker contract or Deploy resource budget	shard	Operational constant must have one named owner; environment-sensitive values move to Deploy Config
crates/quant-pivot-api/src/ws/shard.rs:56	SESSION_LEDGER_TIMEOUT	code	centralize_operational_constant	owning worker contract or Deploy resource budget	shard	Operational constant must have one named owner; environment-sensitive values move to Deploy Config
crates/quant-pivot-api/src/ws/token_intern.rs:12	TOKEN_INTERN	code	keep_code_constant	owning typed contract module	token_intern	Stable mathematical, lexical or defensive invariant is not a business configuration
crates/quant-pivot-bin/src/main.rs:23	SDK_LOG_DIRECTIVE	code	keep_code_constant	owning typed contract module	main	Stable mathematical, lexical or defensive invariant is not a business configuration
crates/quant-pivot-core/src/app/book_update_coalescer.rs:29	TICK_INTERVAL	code	centralize_operational_constant	owning worker contract or Deploy resource budget	book_update_coalescer	Operational constant must have one named owner; environment-sensitive values move to Deploy Config
crates/quant-pivot-core/src/app/clob_market_info_worker.rs:11	FETCH_CONCURRENCY	code	centralize_operational_constant	owning worker contract or Deploy resource budget	clob_market_info_worker	Operational constant must have one named owner; environment-sensitive values move to Deploy Config
crates/quant-pivot-core/src/app/crypto_live_ingest_worker.rs:31	DISCOVERY_INTERVAL	code	centralize_operational_constant	owning worker contract or Deploy resource budget	crypto_live_ingest_worker	Operational constant must have one named owner; environment-sensitive values move to Deploy Config
crates/quant-pivot-core/src/app/crypto_live_ingest_worker.rs:32	RECONNECT_BACKOFF	code	keep_code_constant	owning typed contract module	crypto_live_ingest_worker	Stable mathematical, lexical or defensive invariant is not a business configuration
crates/quant-pivot-core/src/app/crypto_live_ingest_worker.rs:33	BINANCE_PAGE_SIZE	code	keep_code_constant	owning typed contract module	crypto_live_ingest_worker	Stable mathematical, lexical or defensive invariant is not a business configuration
crates/quant-pivot-core/src/app/crypto_rtds_ingest_worker.rs:27	DISCOVERY_INTERVAL	code	centralize_operational_constant	owning worker contract or Deploy resource budget	crypto_rtds_ingest_worker	Operational constant must have one named owner; environment-sensitive values move to Deploy Config
crates/quant-pivot-core/src/app/crypto_rtds_ingest_worker.rs:28	RECONNECT_BACKOFF	code	keep_code_constant	owning typed contract module	crypto_rtds_ingest_worker	Stable mathematical, lexical or defensive invariant is not a business configuration
crates/quant-pivot-core/src/app/domain_event_outbox_worker.rs:20	BATCH_SIZE	code	centralize_operational_constant	owning worker contract or Deploy resource budget	domain_event_outbox_worker	Operational constant must have one named owner; environment-sensitive values move to Deploy Config
crates/quant-pivot-core/src/app/domain_event_outbox_worker.rs:21	LEASE_DURATION	code	centralize_operational_constant	owning worker contract or Deploy resource budget	domain_event_outbox_worker	Operational constant must have one named owner; environment-sensitive values move to Deploy Config
crates/quant-pivot-core/src/app/domain_source_supervisor.rs:38	RECONCILE_INTERVAL	code	centralize_operational_constant	owning worker contract or Deploy resource budget	domain_source_supervisor	Operational constant must have one named owner; environment-sensitive values move to Deploy Config
crates/quant-pivot-core/src/app/domain_source_supervisor.rs:39	CREDENTIAL_BLOCKER_REASON	code	keep_code_constant	owning typed contract module	domain_source_supervisor	Stable mathematical, lexical or defensive invariant is not a business configuration
crates/quant-pivot-core/src/app/domain_source_supervisor.rs:40	REMOVED_BINDING_REASON	code	keep_code_constant	owning typed contract module	domain_source_supervisor	Stable mathematical, lexical or defensive invariant is not a business configuration
crates/quant-pivot-core/src/app/entry_condition_evaluation_outbox_worker.rs:13	BATCH_SIZE	code	centralize_operational_constant	owning worker contract or Deploy resource budget	entry_condition_evaluation_outbox_worker	Operational constant must have one named owner; environment-sensitive values move to Deploy Config
crates/quant-pivot-core/src/app/entry_condition_evaluation_outbox_worker.rs:14	LEASE_DURATION	code	centralize_operational_constant	owning worker contract or Deploy resource budget	entry_condition_evaluation_outbox_worker	Operational constant must have one named owner; environment-sensitive values move to Deploy Config
crates/quant-pivot-core/src/app/execution_dispatcher.rs:39	AUTO_DISPATCH_BATCH	code	centralize_operational_constant	owning worker contract or Deploy resource budget	execution_dispatcher	Operational constant must have one named owner; environment-sensitive values move to Deploy Config
crates/quant-pivot-core/src/app/execution_dispatcher.rs:41	RECOVER_DANGLING_LIMIT	code	keep_code_constant	owning typed contract module	execution_dispatcher	Stable mathematical, lexical or defensive invariant is not a business configuration
crates/quant-pivot-core/src/app/execution_dispatcher.rs:44	RECOVERY_RETRY_BACKOFF	code	keep_code_constant	owning typed contract module	execution_dispatcher	Stable mathematical, lexical or defensive invariant is not a business configuration
crates/quant-pivot-core/src/app/intent_service.rs:25	INTENT_EXPIRE_SWEEP_BATCH	code	centralize_operational_constant	owning worker contract or Deploy resource budget	intent_service	Operational constant must have one named owner; environment-sensitive values move to Deploy Config
crates/quant-pivot-core/src/app/periodic_services.rs:20	DATA_QUALITY_REFRESH_SECS	code	keep_code_constant	owning typed contract module	periodic_services	Stable mathematical, lexical or defensive invariant is not a business configuration
crates/quant-pivot-core/src/app/phase_11_9_evidence_bootstrap.rs:79	EVIDENCE_FORMAT_VERSION	code	reset_boot_1	owning typed contract module	serializer, validator and lineage reader	System-owned contract version is reset to the first boot baseline because no production lineage exists
crates/quant-pivot-core/src/app/phase_11_9_evidence_bootstrap.rs:80	CRYPTO_WORKER_SHUTDOWN_TIMEOUT	code	centralize_operational_constant	owning worker contract or Deploy resource budget	phase_11_9_evidence_bootstrap	Operational constant must have one named owner; environment-sensitive values move to Deploy Config
crates/quant-pivot-core/src/app/ports/research_catalog.rs:42	COLLINEARITY_DEFINITION_LIMIT	code	keep_code_constant	owning typed contract module	research_catalog	Stable mathematical, lexical or defensive invariant is not a business configuration
crates/quant-pivot-core/src/app/ports/structural_monitor.rs:49	TOP_MARKETS_LIMIT	code	keep_code_constant	owning typed contract module	structural_monitor	Stable mathematical, lexical or defensive invariant is not a business configuration
crates/quant-pivot-core/src/app/ports/structural_monitor.rs:50	TOP_PARTICIPANTS_LIMIT	code	keep_code_constant	owning typed contract module	structural_monitor	Stable mathematical, lexical or defensive invariant is not a business configuration
crates/quant-pivot-core/src/app/report_scheduler.rs:26	EXPIRE_SWEEP_BATCH	code	centralize_operational_constant	owning worker contract or Deploy resource budget	report_scheduler	Operational constant must have one named owner; environment-sensitive values move to Deploy Config
crates/quant-pivot-core/src/app/research_job_worker.rs:77	ALL_KINDS	code	keep_code_constant	owning typed contract module	research_job_worker	Stable mathematical, lexical or defensive invariant is not a business configuration
crates/quant-pivot-core/src/app/research_readiness_worker.rs:19	CAPTURE_INTERVAL	code	centralize_operational_constant	owning worker contract or Deploy resource budget	research_readiness_worker	Operational constant must have one named owner; environment-sensitive values move to Deploy Config
crates/quant-pivot-core/src/app/system_status_broadcaster.rs:24	STARTUP_TICK	code	keep_code_constant	owning typed contract module	system_status_broadcaster	Stable mathematical, lexical or defensive invariant is not a business configuration
crates/quant-pivot-core/src/app/system_status_broadcaster.rs:26	STEADY_TICK	code	keep_code_constant	owning typed contract module	system_status_broadcaster	Stable mathematical, lexical or defensive invariant is not a business configuration
crates/quant-pivot-core/src/app/task_registry.rs:49	COUNT	code	keep_code_constant	owning typed contract module	task_registry	Stable mathematical, lexical or defensive invariant is not a business configuration
crates/quant-pivot-core/src/app/task_registry.rs:51	ALL	code	keep_code_constant	owning typed contract module	task_registry	Stable mathematical, lexical or defensive invariant is not a business configuration
crates/quant-pivot-core/src/app/weather_ingest_worker.rs:54	AVIATION_REQUEST_SPACING	code	keep_code_constant	owning typed contract module	weather_ingest_worker	Stable mathematical, lexical or defensive invariant is not a business configuration
crates/quant-pivot-core/src/app/weather_ingest_worker.rs:55	WEATHER_BOOTSTRAP_DAYS	code	keep_code_constant	owning typed contract module	weather_ingest_worker	Stable mathematical, lexical or defensive invariant is not a business configuration
crates/quant-pivot-core/src/app/weather_public_ingest_worker.rs:40	AIRNOW_CORRECTION_BATCH_HOURS	code	centralize_operational_constant	owning worker contract or Deploy resource budget	weather_public_ingest_worker	Operational constant must have one named owner; environment-sensitive values move to Deploy Config
crates/quant-pivot-core/src/app/weather_public_ingest_worker.rs:41	NCEI_FINALIZATION_LAG_DAYS	code	keep_code_constant	owning typed contract module	weather_public_ingest_worker	Stable mathematical, lexical or defensive invariant is not a business configuration
crates/quant-pivot-core/src/app/weather_public_ingest_worker.rs:42	ERROR_DETAIL_LIMIT	code	keep_code_constant	owning typed contract module	weather_public_ingest_worker	Stable mathematical, lexical or defensive invariant is not a business configuration
crates/quant-pivot-core/src/app/web_services.rs:68	OPERATION_LOG_BATCH_SIZE	code	centralize_operational_constant	owning worker contract or Deploy resource budget	web_services	Operational constant must have one named owner; environment-sensitive values move to Deploy Config
crates/quant-pivot-core/src/app/web_services.rs:69	OPERATION_LOG_FLUSH_INTERVAL	code	centralize_operational_constant	owning worker contract or Deploy resource budget	web_services	Operational constant must have one named owner; environment-sensitive values move to Deploy Config
crates/quant-pivot-core/src/app/web_services.rs:70	OPERATION_LOG_BUFFER_CAPACITY	code	centralize_operational_constant	owning worker contract or Deploy resource budget	web_services	Operational constant must have one named owner; environment-sensitive values move to Deploy Config
crates/quant-pivot-core/src/execution/admission/engine.rs:25	ADMISSION_CHECK_COUNT	code	keep_algorithm_invariant	owning execution or report contract module	engine	Internal algorithm invariant is centralized and is not an operator preference
crates/quant-pivot-core/src/execution/breaker.rs:55	BREAKER_ACTOR	code	keep_algorithm_invariant	owning execution or report contract module	breaker	Internal algorithm invariant is centralized and is not an operator preference
crates/quant-pivot-core/src/execution/breaker.rs:57	DIMENSION_VENUE	code	keep_algorithm_invariant	owning execution or report contract module	breaker	Internal algorithm invariant is centralized and is not an operator preference
crates/quant-pivot-core/src/execution/breaker.rs:59	DIMENSION_DAILY_LOSS	code	migrate_runtime_policy	RecommendationPolicy or ExecutionRiskPolicy	money-impacting decision path	Business decision threshold requires audited hot activation and decision snapshot lineage
crates/quant-pivot-core/src/execution/breaker.rs:62	DAILY_LOSS_DEGRADE_FRACTION	code	migrate_runtime_policy	RecommendationPolicy or ExecutionRiskPolicy	money-impacting decision path	Business decision threshold requires audited hot activation and decision snapshot lineage
crates/quant-pivot-core/src/execution/exit_monitor_service.rs:49	SCAN_BATCH_GUARD	code	keep_algorithm_invariant	owning execution or report contract module	exit_monitor_service	Internal algorithm invariant is centralized and is not an operator preference
crates/quant-pivot-core/src/execution/intent_service.rs:1718	COUNTER	code	keep_algorithm_invariant	owning execution or report contract module	intent_service	Internal algorithm invariant is centralized and is not an operator preference
crates/quant-pivot-core/src/execution/intent_service.rs:852	GTD_MIN_EFFECTIVE_LIFETIME_SECS	code	keep_algorithm_invariant	owning execution or report contract module	intent_service	Internal algorithm invariant is centralized and is not an operator preference
crates/quant-pivot-core/src/execution/intent_service.rs:853	GTD_SECURITY_BUFFER_SECS	code	keep_algorithm_invariant	owning execution or report contract module	intent_service	Internal algorithm invariant is centralized and is not an operator preference
crates/quant-pivot-core/src/execution/reconciliation/service.rs:63	RECONCILE_BATCH	code	keep_algorithm_invariant	owning execution or report contract module	service	Internal algorithm invariant is centralized and is not an operator preference
crates/quant-pivot-core/src/execution/reconciliation/service.rs:65	WORKER_ACTOR	code	keep_algorithm_invariant	owning execution or report contract module	service	Internal algorithm invariant is centralized and is not an operator preference
crates/quant-pivot-core/src/execution/settlement_redeem.rs:294	RELAYER_WAIT_MAX_POLLS	code	keep_algorithm_invariant	owning execution or report contract module	settlement_redeem	Internal algorithm invariant is centralized and is not an operator preference
crates/quant-pivot-core/src/execution/settlement_redeem.rs:295	RELAYER_WAIT_POLL_INTERVAL	code	keep_algorithm_invariant	owning execution or report contract module	settlement_redeem	Internal algorithm invariant is centralized and is not an operator preference
crates/quant-pivot-core/src/execution/settlement_redeem.rs:56	STANDARD_BINARY_YES_INDEX_SET	code	keep_algorithm_invariant	owning execution or report contract module	settlement_redeem	Internal algorithm invariant is centralized and is not an operator preference
crates/quant-pivot-core/src/execution/settlement_redeem.rs:57	STANDARD_BINARY_NO_INDEX_SET	code	keep_algorithm_invariant	owning execution or report contract module	settlement_redeem	Internal algorithm invariant is centralized and is not an operator preference
crates/quant-pivot-core/src/governance/category_pointer_guard.rs:329	COUNTER	code	keep_code_constant	owning typed contract module	category_pointer_guard	Stable mathematical, lexical or defensive invariant is not a business configuration
crates/quant-pivot-core/src/governance/execution_recovery.rs:20	BLOCKING_RECONCILIATION_LIMIT	code	keep_code_constant	owning typed contract module	execution_recovery	Stable mathematical, lexical or defensive invariant is not a business configuration
crates/quant-pivot-core/src/infra/deadline_scheduler.rs:29	LOOKAHEAD_HORIZON	code	keep_code_constant	owning typed contract module	deadline_scheduler	Stable mathematical, lexical or defensive invariant is not a business configuration
crates/quant-pivot-core/src/infra/sharding.rs:4	SHARD_SEED	code	keep_code_constant	owning typed contract module	sharding	Stable mathematical, lexical or defensive invariant is not a business configuration
crates/quant-pivot-core/src/ingest/data_pipeline.rs:41	MIN_BOOK_SHARD_COUNT	code	keep_code_constant	owning typed contract module	data_pipeline	Stable mathematical, lexical or defensive invariant is not a business configuration
crates/quant-pivot-core/src/ingest/data_pipeline.rs:45	MAX_BOOK_SHARD_COUNT	code	keep_code_constant	owning typed contract module	data_pipeline	Stable mathematical, lexical or defensive invariant is not a business configuration
crates/quant-pivot-core/src/ingest/data_pipeline.rs:49	MIN_BOOK_CHANNEL_CAPACITY	code	centralize_operational_constant	owning worker contract or Deploy resource budget	data_pipeline	Operational constant must have one named owner; environment-sensitive values move to Deploy Config
crates/quant-pivot-core/src/ingest/data_pipeline.rs:50	BOOK_CHANNEL_HEADROOM_PER_TOKEN	code	keep_code_constant	owning typed contract module	data_pipeline	Stable mathematical, lexical or defensive invariant is not a business configuration
crates/quant-pivot-core/src/ingest/data_pipeline.rs:51	BOOK_CHANNEL_TIMEOUT	code	centralize_operational_constant	owning worker contract or Deploy resource budget	data_pipeline	Operational constant must have one named owner; environment-sensitive values move to Deploy Config
crates/quant-pivot-core/src/ingest/data_pipeline.rs:52	SHUTDOWN_DRAIN_QUIET_PERIOD	code	keep_code_constant	owning typed contract module	data_pipeline	Stable mathematical, lexical or defensive invariant is not a business configuration
crates/quant-pivot-core/src/ingest/data_pipeline.rs:53	BACKPRESSURE_WARN_INTERVAL	code	centralize_operational_constant	owning worker contract or Deploy resource budget	data_pipeline	Operational constant must have one named owner; environment-sensitive values move to Deploy Config
crates/quant-pivot-core/src/ingest/data_pipeline.rs:54	MAX_CANONICAL_MICRO_BATCH_SIZE	code	centralize_operational_constant	owning worker contract or Deploy resource budget	data_pipeline	Operational constant must have one named owner; environment-sensitive values move to Deploy Config
crates/quant-pivot-core/src/ingest/data_pipeline.rs:55	CANONICAL_COALESCE_WINDOW	code	keep_code_constant	owning typed contract module	data_pipeline	Stable mathematical, lexical or defensive invariant is not a business configuration
crates/quant-pivot-core/src/ingest/trade_tape_health.rs:14	ON_CHAIN_CONTRACT_COUNT	code	keep_code_constant	owning typed contract module	trade_tape_health	Stable mathematical, lexical or defensive invariant is not a business configuration
crates/quant-pivot-core/src/observability/book_fact_writer.rs:30	CANONICAL_WRITE_TIMEOUT	code	centralize_operational_constant	owning worker contract or Deploy resource budget	book_fact_writer	Operational constant must have one named owner; environment-sensitive values move to Deploy Config
crates/quant-pivot-core/src/observability/book_fact_writer.rs:31	L2_SCHEMA_VERSION	code	reset_boot_1	owning typed contract module	serializer, validator and lineage reader	System-owned contract version is reset to the first boot baseline because no production lineage exists
crates/quant-pivot-core/src/observability/metrics_hub.rs:75	FACT_LAG_BUCKETS_SECS	code	keep_code_constant	owning typed contract module	metrics_hub	Stable mathematical, lexical or defensive invariant is not a business configuration
crates/quant-pivot-core/src/observability/metrics_hub.rs:80	REPORT_RUN_BUCKETS_SECS	code	keep_code_constant	owning typed contract module	metrics_hub	Stable mathematical, lexical or defensive invariant is not a business configuration
crates/quant-pivot-core/src/observability/serving_evidence.rs:19	SERVING_EVIDENCE_FORMAT_VERSION	code	reset_boot_1	owning typed contract module	serializer, validator and lineage reader	System-owned contract version is reset to the first boot baseline because no production lineage exists
crates/quant-pivot-core/src/prefetch/replay_page.rs:34	MAX_REPLAY_PAGE_MARKETS	code	keep_code_constant	owning typed contract module	replay_page	Stable mathematical, lexical or defensive invariant is not a business configuration
crates/quant-pivot-core/src/projection/inference_batch.rs:299	FEATURE	code	keep_code_constant	owning typed contract module	inference_batch	Stable mathematical, lexical or defensive invariant is not a business configuration
crates/quant-pivot-core/src/report/builder.rs:1128	CORRELATION_BUCKET_SECS	code	keep_algorithm_invariant	owning execution or report contract module	builder	Internal algorithm invariant is centralized and is not an operator preference
crates/quant-pivot-core/src/report/fact_bundle.rs:21	RECOMMENDATION_TABLE	code	keep_code_constant	owning adapter contract module	fact_bundle	Stable identifier or protocol spelling is not an operator-tunable value
crates/quant-pivot-core/src/report/fact_bundle.rs:22	FUNNEL_TABLE	code	keep_code_constant	owning adapter contract module	fact_bundle	Stable identifier or protocol spelling is not an operator-tunable value
crates/quant-pivot-core/src/report/fact_delivery.rs:35	RECOMMENDATION_TABLE	code	keep_code_constant	owning adapter contract module	fact_delivery	Stable identifier or protocol spelling is not an operator-tunable value
crates/quant-pivot-core/src/report/fact_delivery.rs:36	FUNNEL_TABLE	code	keep_code_constant	owning adapter contract module	fact_delivery	Stable identifier or protocol spelling is not an operator-tunable value
crates/quant-pivot-core/src/report/fact_delivery.rs:37	CHUNK_ROWS	code	keep_algorithm_invariant	owning execution or report contract module	fact_delivery	Internal algorithm invariant is centralized and is not an operator preference
crates/quant-pivot-core/src/report/fact_delivery.rs:38	MAX_DELIVERY_ATTEMPTS	code	keep_algorithm_invariant	owning execution or report contract module	fact_delivery	Internal algorithm invariant is centralized and is not an operator preference
crates/quant-pivot-core/src/report/fact_delivery.rs:39	LEASE_DURATION	code	keep_algorithm_invariant	owning execution or report contract module	fact_delivery	Internal algorithm invariant is centralized and is not an operator preference
crates/quant-pivot-core/src/report/fact_delivery.rs:40	IDLE_POLL_INTERVAL	code	keep_algorithm_invariant	owning execution or report contract module	fact_delivery	Internal algorithm invariant is centralized and is not an operator preference
crates/quant-pivot-core/src/service/cpcv_backtest.rs:100	CPCV	code	keep_code_constant	owning typed contract module	cpcv_backtest	Stable mathematical, lexical or defensive invariant is not a business configuration
crates/quant-pivot-core/src/service/cpcv_backtest.rs:101	TRIAL_GRID	code	keep_code_constant	owning typed contract module	cpcv_backtest	Stable mathematical, lexical or defensive invariant is not a business configuration
crates/quant-pivot-core/src/service/cpcv_backtest.rs:102	FINALIZE	code	keep_code_constant	owning typed contract module	cpcv_backtest	Stable mathematical, lexical or defensive invariant is not a business configuration
crates/quant-pivot-core/src/service/cpcv_backtest.rs:96	TOTAL	code	keep_code_constant	owning typed contract module	cpcv_backtest	Stable mathematical, lexical or defensive invariant is not a business configuration
crates/quant-pivot-core/src/service/cpcv_backtest.rs:97	LOAD	code	keep_code_constant	owning typed contract module	cpcv_backtest	Stable mathematical, lexical or defensive invariant is not a business configuration
crates/quant-pivot-core/src/service/cpcv_backtest.rs:98	MATERIALIZE_EXAMPLES	code	keep_code_constant	owning typed contract module	cpcv_backtest	Stable mathematical, lexical or defensive invariant is not a business configuration
crates/quant-pivot-core/src/service/cpcv_backtest.rs:99	MATERIALIZE_TICKS	code	keep_code_constant	owning typed contract module	cpcv_backtest	Stable mathematical, lexical or defensive invariant is not a business configuration
crates/quant-pivot-core/src/service/feature_integrity.rs:38	DEFAULT_FULL_WINDOW_HOURS	code	keep_code_constant	owning typed contract module	feature_integrity	Stable mathematical, lexical or defensive invariant is not a business configuration
crates/quant-pivot-core/src/service/feature_integrity.rs:39	MAX_FULL_WINDOW_DAYS	code	keep_code_constant	owning typed contract module	feature_integrity	Stable mathematical, lexical or defensive invariant is not a business configuration
crates/quant-pivot-core/src/service/feature_integrity.rs:40	AUTOMATIC_FULL_INTERVAL_HOURS	code	centralize_operational_constant	owning worker contract or Deploy resource budget	feature_integrity	Operational constant must have one named owner; environment-sensitive values move to Deploy Config
crates/quant-pivot-core/src/service/feature_integrity.rs:41	AUTOMATIC_FULL_BUCKET_SECS	code	keep_code_constant	owning typed contract module	feature_integrity	Stable mathematical, lexical or defensive invariant is not a business configuration
crates/quant-pivot-core/src/service/feature_integrity.rs:42	SAMPLED_REPORT_WINDOW_MILLIS	code	keep_code_constant	owning typed contract module	feature_integrity	Stable mathematical, lexical or defensive invariant is not a business configuration
crates/quant-pivot-core/src/service/feature_integrity.rs:43	MIN_MATERIALIZATION_TIMEOUT_SECS	code	centralize_operational_constant	owning worker contract or Deploy resource budget	feature_integrity	Operational constant must have one named owner; environment-sensitive values move to Deploy Config
crates/quant-pivot-core/src/service/feature_integrity.rs:44	SYSTEM_ACTOR	code	keep_code_constant	owning typed contract module	feature_integrity	Stable mathematical, lexical or defensive invariant is not a business configuration
crates/quant-pivot-core/src/service/feature_integrity.rs:45	SYSTEM_ACTING_ROLE	code	keep_code_constant	owning typed contract module	feature_integrity	Stable mathematical, lexical or defensive invariant is not a business configuration
crates/quant-pivot-core/src/service/feature_parity_executor.rs:46	SAMPLE_FRACTION_NUMERATOR	code	keep_code_constant	owning typed contract module	feature_parity_executor	Stable mathematical, lexical or defensive invariant is not a business configuration
crates/quant-pivot-core/src/service/feature_parity_executor.rs:47	SAMPLE_FRACTION_DENOMINATOR	code	keep_code_constant	owning typed contract module	feature_parity_executor	Stable mathematical, lexical or defensive invariant is not a business configuration
crates/quant-pivot-core/src/service/feature_parity_executor.rs:48	SAMPLE_MINIMUM	code	keep_code_constant	owning typed contract module	feature_parity_executor	Stable mathematical, lexical or defensive invariant is not a business configuration
crates/quant-pivot-core/src/service/gamma.rs:60	LIVE_RESOLUTION_WINDOW	code	keep_code_constant	owning typed contract module	gamma	Stable mathematical, lexical or defensive invariant is not a business configuration
crates/quant-pivot-core/src/service/model_runner.rs:79	DIFF_SCALE	code	keep_code_constant	owning typed contract module	model_runner	Stable mathematical, lexical or defensive invariant is not a business configuration
crates/quant-pivot-core/src/service/model_runner.rs:84	SHADOW_CLASSICAL_ALERT_THRESHOLD	code	keep_code_constant	owning typed contract module	model_runner	Stable mathematical, lexical or defensive invariant is not a business configuration
crates/quant-pivot-core/src/service/opportunistic_sell.rs:58	DEFAULT_HOLD_HORIZON_SECS	code	keep_code_constant	owning typed contract module	opportunistic_sell	Stable mathematical, lexical or defensive invariant is not a business configuration
crates/quant-pivot-core/src/service/research_readiness.rs:34	EVIDENCE_VALID_FOR	code	keep_code_constant	owning typed contract module	research_readiness	Stable mathematical, lexical or defensive invariant is not a business configuration
crates/quant-pivot-core/src/service/research_readiness.rs:35	LATENCY_WINDOW	code	keep_code_constant	owning typed contract module	research_readiness	Stable mathematical, lexical or defensive invariant is not a business configuration
crates/quant-pivot-core/src/service/research_readiness.rs:36	LOCAL_ARTIFACT_VERSION	code	keep_code_constant	owning typed contract module	research_readiness	Stable mathematical, lexical or defensive invariant is not a business configuration
crates/quant-pivot-core/src/service/trade_policy.rs:2076	BATCH_SIZE	code	centralize_operational_constant	owning worker contract or Deploy resource budget	trade_policy	Operational constant must have one named owner; environment-sensitive values move to Deploy Config
crates/quant-pivot-core/src/service/trade_policy.rs:2591	MAX_MANIFEST_BYTES	code	keep_code_constant	owning typed contract module	trade_policy	Stable mathematical, lexical or defensive invariant is not a business configuration
crates/quant-pivot-core/src/service/trade_policy.rs:4062	SIGNED_DOWNLOAD_SECS	code	keep_code_constant	owning typed contract module	trade_policy	Stable mathematical, lexical or defensive invariant is not a business configuration
crates/quant-pivot-core/src/service/trade_policy_replay.rs:2119	NAMESPACE	code	keep_code_constant	owning typed contract module	trade_policy_replay	Stable mathematical, lexical or defensive invariant is not a business configuration
crates/quant-pivot-core/src/service/trade_policy_replay.rs:2127	NAMESPACE	code	keep_code_constant	owning typed contract module	trade_policy_replay	Stable mathematical, lexical or defensive invariant is not a business configuration
crates/quant-pivot-core/src/service/trade_policy_replay.rs:79	WEATHER_REPLAY_ORCHESTRATOR_VERSION	code	keep_code_constant	owning typed contract module	trade_policy_replay	Stable mathematical, lexical or defensive invariant is not a business configuration
crates/quant-pivot-core/src/service/training_dataset.rs:111	LIVE_ATTRIBUTION_SAMPLE_LIMIT	code	keep_code_constant	owning typed contract module	training_dataset	Stable mathematical, lexical or defensive invariant is not a business configuration
crates/quant-pivot-core/src/service/training_dataset.rs:112	DATASET_FAILURE_DETAIL_MAX_CHARS	code	keep_code_constant	owning typed contract module	training_dataset	Stable mathematical, lexical or defensive invariant is not a business configuration
crates/quant-pivot-core/src/service/weather_fact_ingest.rs:24	WRITE_BATCH_SIZE	code	centralize_operational_constant	owning worker contract or Deploy resource budget	weather_fact_ingest	Operational constant must have one named owner; environment-sensitive values move to Deploy Config
crates/quant-pivot-core/src/service/weather_fact_ingest.rs:25	MAX_PARTITIONS_PER_WRITE	code	keep_code_constant	owning typed contract module	weather_fact_ingest	Stable mathematical, lexical or defensive invariant is not a business configuration
crates/quant-pivot-core/src/service/ws_subscription.rs:21	TIER1_TOKEN_BUDGET_PCT	code	keep_code_constant	owning typed contract module	ws_subscription	Stable mathematical, lexical or defensive invariant is not a business configuration
crates/quant-pivot-error/src/storage.rs:13	USER	code	keep_code_constant	owning typed contract module	storage	Stable mathematical, lexical or defensive invariant is not a business configuration
crates/quant-pivot-error/src/storage.rs:15	ROLE	code	keep_code_constant	owning typed contract module	storage	Stable mathematical, lexical or defensive invariant is not a business configuration
crates/quant-pivot-error/src/storage.rs:17	MENU	code	keep_code_constant	owning typed contract module	storage	Stable mathematical, lexical or defensive invariant is not a business configuration
crates/quant-pivot-error/src/storage.rs:20	QUANT_RECOMMENDATION	code	keep_code_constant	owning typed contract module	storage	Stable mathematical, lexical or defensive invariant is not a business configuration
crates/quant-pivot-error/src/storage.rs:22	QUANT_RECOMMENDATION_ATTRIBUTION	code	keep_code_constant	owning typed contract module	storage	Stable mathematical, lexical or defensive invariant is not a business configuration
crates/quant-pivot-error/src/storage.rs:24	QUANT_RECOMMENDATION_REPORT	code	keep_code_constant	owning typed contract module	storage	Stable mathematical, lexical or defensive invariant is not a business configuration
crates/quant-pivot-error/src/storage.rs:26	QUANT_REPORT_RUN	code	keep_code_constant	owning typed contract module	storage	Stable mathematical, lexical or defensive invariant is not a business configuration
crates/quant-pivot-error/src/storage.rs:28	QUANT_REPORT_SCHEDULE_STATE	code	keep_code_constant	owning typed contract module	storage	Stable mathematical, lexical or defensive invariant is not a business configuration
crates/quant-pivot-error/src/storage.rs:30	QUANT_REPORT_SCHEDULE_GAP	code	keep_code_constant	owning typed contract module	storage	Stable mathematical, lexical or defensive invariant is not a business configuration
crates/quant-pivot-error/src/storage.rs:32	QUANT_ORDER_INTENT	code	keep_code_constant	owning typed contract module	storage	Stable mathematical, lexical or defensive invariant is not a business configuration
crates/quant-pivot-error/src/storage.rs:34	QUANT_EXECUTION_ORDER	code	keep_code_constant	owning typed contract module	storage	Stable mathematical, lexical or defensive invariant is not a business configuration
crates/quant-pivot-error/src/storage.rs:36	QUANT_CAPITAL_ALLOCATION	code	keep_code_constant	owning typed contract module	storage	Stable mathematical, lexical or defensive invariant is not a business configuration
crates/quant-pivot-error/src/storage.rs:38	QUANT_POSITION	code	keep_code_constant	owning typed contract module	storage	Stable mathematical, lexical or defensive invariant is not a business configuration
crates/quant-pivot-error/src/storage.rs:40	QUANT_RECONCILIATION	code	keep_code_constant	owning typed contract module	storage	Stable mathematical, lexical or defensive invariant is not a business configuration
crates/quant-pivot-error/src/storage.rs:42	QUANT_SETTLEMENT_REDEEM	code	keep_code_constant	owning typed contract module	storage	Stable mathematical, lexical or defensive invariant is not a business configuration
crates/quant-pivot-error/src/storage.rs:44	QUANT_SETTLEMENT_REDEEM_LOT	code	keep_code_constant	owning typed contract module	storage	Stable mathematical, lexical or defensive invariant is not a business configuration
crates/quant-pivot-error/src/storage.rs:46	QUANT_TRAINING_DATASET	code	keep_code_constant	owning typed contract module	storage	Stable mathematical, lexical or defensive invariant is not a business configuration
crates/quant-pivot-error/src/storage.rs:48	QUANT_SOURCE_SLICE	code	keep_code_constant	owning typed contract module	storage	Stable mathematical, lexical or defensive invariant is not a business configuration
crates/quant-pivot-error/src/storage.rs:50	QUANT_RESEARCH_READINESS_EVIDENCE	code	keep_code_constant	owning typed contract module	storage	Stable mathematical, lexical or defensive invariant is not a business configuration
crates/quant-pivot-error/src/storage.rs:52	QUANT_CALIBRATION_ARTIFACT	code	keep_code_constant	owning typed contract module	storage	Stable mathematical, lexical or defensive invariant is not a business configuration
crates/quant-pivot-error/src/storage.rs:54	QUANT_TRADE_POLICY_ARTIFACT	code	keep_code_constant	owning typed contract module	storage	Stable mathematical, lexical or defensive invariant is not a business configuration
crates/quant-pivot-error/src/storage.rs:56	QUANT_DOMAIN_SOURCE_CURSOR	code	keep_code_constant	owning typed contract module	storage	Stable mathematical, lexical or defensive invariant is not a business configuration
crates/quant-pivot-error/src/storage.rs:58	QUANT_DOMAIN_SOURCE_EXPECTATION	code	keep_code_constant	owning typed contract module	storage	Stable mathematical, lexical or defensive invariant is not a business configuration
crates/quant-pivot-error/src/storage.rs:60	QUANT_DOMAIN_EVENT_OUTBOX	code	keep_code_constant	owning typed contract module	storage	Stable mathematical, lexical or defensive invariant is not a business configuration
crates/quant-pivot-error/src/storage.rs:62	QUANT_RESEARCH_JOB	code	keep_code_constant	owning typed contract module	storage	Stable mathematical, lexical or defensive invariant is not a business configuration
crates/quant-pivot-error/src/storage.rs:64	QUANT_FEATURE_PARITY_RUN	code	keep_code_constant	owning typed contract module	storage	Stable mathematical, lexical or defensive invariant is not a business configuration
crates/quant-pivot-error/src/storage.rs:66	QUANT_FEATURE_PARITY_STATE	code	keep_code_constant	owning typed contract module	storage	Stable mathematical, lexical or defensive invariant is not a business configuration
crates/quant-pivot-error/src/storage.rs:68	QUANT_MODEL_SPEC	code	keep_code_constant	owning typed contract module	storage	Stable mathematical, lexical or defensive invariant is not a business configuration
crates/quant-pivot-error/src/storage.rs:70	QUANT_MODEL_VERSION	code	keep_code_constant	owning typed contract module	storage	Stable mathematical, lexical or defensive invariant is not a business configuration
crates/quant-pivot-error/src/storage.rs:72	QUANT_MODEL_RUN	code	keep_code_constant	owning typed contract module	storage	Stable mathematical, lexical or defensive invariant is not a business configuration
crates/quant-pivot-error/src/storage.rs:74	DECISION_POLICY_SNAPSHOT	code	keep_code_constant	owning typed contract module	storage	Stable mathematical, lexical or defensive invariant is not a business configuration
crates/quant-pivot-error/src/storage.rs:76	POLICY_ACTIVATION	code	keep_code_constant	owning typed contract module	storage	Stable mathematical, lexical or defensive invariant is not a business configuration
crates/quant-pivot-error/src/storage.rs:78	QUANT_FACTOR	code	keep_code_constant	owning typed contract module	storage	Stable mathematical, lexical or defensive invariant is not a business configuration
crates/quant-pivot-error/src/storage.rs:80	QUANT_KILL_SWITCH	code	keep_code_constant	owning typed contract module	storage	Stable mathematical, lexical or defensive invariant is not a business configuration
crates/quant-pivot-error/src/storage.rs:82	MARKET	code	keep_code_constant	owning typed contract module	storage	Stable mathematical, lexical or defensive invariant is not a business configuration
crates/quant-pivot-migration/src/lib.rs:22	CHECKSUM_DOMAIN	code	keep_code_constant	owning adapter contract module	lib	Stable identifier or protocol spelling is not an operator-tunable value
crates/quant-pivot-migration/src/lib.rs:23	CHECKSUM_ALGORITHM	code	keep_code_constant	owning typed contract module	lib	Stable mathematical, lexical or defensive invariant is not a business configuration
crates/quant-pivot-migration/src/lib.rs:24	MIGRATION_ENGINE	code	keep_code_constant	owning typed contract module	lib	Stable mathematical, lexical or defensive invariant is not a business configuration
crates/quant-pivot-migration/src/lib.rs:25	DEPLOYMENT_LOCK_KEY	code	keep_code_constant	owning typed contract module	lib	Stable mathematical, lexical or defensive invariant is not a business configuration
crates/quant-pivot-migration/src/lib.rs:27	CHECKED_MIGRATION_MANIFEST	code	keep_code_constant	owning typed contract module	lib	Stable mathematical, lexical or defensive invariant is not a business configuration
crates/quant-pivot-migration/src/migrations/m00000000_000001_bootstrap.rs:20	NAME	code	keep_code_constant	owning typed contract module	m00000000_000001_bootstrap	Stable mathematical, lexical or defensive invariant is not a business configuration
crates/quant-pivot-migration/src/migrations/m00000000_000001_bootstrap.rs:21	SOURCE	code	keep_code_constant	owning typed contract module	m00000000_000001_bootstrap	Stable mathematical, lexical or defensive invariant is not a business configuration
crates/quant-pivot-migration/src/migrations/support/column_defaults.rs:13	SOURCE	code	keep_code_constant	owning typed contract module	column_defaults	Stable mathematical, lexical or defensive invariant is not a business configuration
crates/quant-pivot-migration/src/migrations/support/column_defaults.rs:45	COLUMN_DEFAULTS	code	keep_code_constant	owning typed contract module	column_defaults	Stable mathematical, lexical or defensive invariant is not a business configuration
crates/quant-pivot-migration/src/migrations/support/query_indexes.rs:38	INDEXES	code	keep_code_constant	owning typed contract module	query_indexes	Stable mathematical, lexical or defensive invariant is not a business configuration
crates/quant-pivot-migration/src/migrations/support/query_indexes.rs:8	SOURCE	code	keep_code_constant	owning typed contract module	query_indexes	Stable mathematical, lexical or defensive invariant is not a business configuration
crates/quant-pivot-migration/src/migrations/support/relational_invariants.rs:5	SOURCE	code	keep_code_constant	owning typed contract module	relational_invariants	Stable mathematical, lexical or defensive invariant is not a business configuration
crates/quant-pivot-migration/src/migrations/support/relational_invariants.rs:6	CONSTRAINTS	code	keep_code_constant	owning typed contract module	relational_invariants	Stable mathematical, lexical or defensive invariant is not a business configuration
crates/quant-pivot-migration/src/migrations/support/v1.rs:5	SOURCE	code	keep_code_constant	owning typed contract module	v1	Stable mathematical, lexical or defensive invariant is not a business configuration
crates/quant-pivot-migration/src/migrations/support/worm_triggers.rs:5	SOURCE	code	keep_code_constant	owning typed contract module	worm_triggers	Stable mathematical, lexical or defensive invariant is not a business configuration
crates/quant-pivot-migration/src/migrations/support/worm_triggers.rs:7	TRIGGERS	code	keep_code_constant	owning typed contract module	worm_triggers	Stable mathematical, lexical or defensive invariant is not a business configuration
crates/quant-pivot-migration/src/snapshots/v1/mod.rs:182	ENUMS	code	keep_code_constant	owning typed contract module	mod	Stable mathematical, lexical or defensive invariant is not a business configuration
crates/quant-pivot-migration/src/snapshots/v1/mod.rs:278	ARTIFACTS	code	keep_code_constant	owning typed contract module	mod	Stable mathematical, lexical or defensive invariant is not a business configuration
crates/quant-pivot-migration/src/snapshots/v1/mod.rs:91	MODULE_PREFIX	code	keep_code_constant	owning typed contract module	mod	Stable mathematical, lexical or defensive invariant is not a business configuration
crates/quant-pivot-migration/src/snapshots/v1/mod.rs:93	TABLES	code	keep_code_constant	owning typed contract module	mod	Stable mathematical, lexical or defensive invariant is not a business configuration
crates/quant-pivot-models/src/clickhouse/trade_tape.rs:43	SCHEMA_VERSION	code	reset_boot_1	owning typed contract module	serializer, validator and lineage reader	System-owned contract version is reset to the first boot baseline because no production lineage exists
crates/quant-pivot-models/src/clickhouse/types.rs:17	PRICE_SCALE	code	keep_code_constant	owning typed contract module	types	Stable mathematical, lexical or defensive invariant is not a business configuration
crates/quant-pivot-models/src/clickhouse/types.rs:18	MONEY_SCALE	code	keep_code_constant	owning typed contract module	types	Stable mathematical, lexical or defensive invariant is not a business configuration
crates/quant-pivot-models/src/clickhouse/types.rs:19	BPS_SCALE	code	keep_code_constant	owning typed contract module	types	Stable mathematical, lexical or defensive invariant is not a business configuration
crates/quant-pivot-models/src/clickhouse/types.rs:20	UNIX_EPOCH_FROM_CE_DAYS	code	keep_code_constant	owning typed contract module	types	Stable mathematical, lexical or defensive invariant is not a business configuration
crates/quant-pivot-models/src/clickhouse/types.rs:64	FIRST	code	keep_code_constant	owning typed contract module	types	Stable mathematical, lexical or defensive invariant is not a business configuration
crates/quant-pivot-models/src/config/domain_sources.rs:18	WEATHER_OBSERVATION_DAY_CLOSE_GRACE_SECS	code	keep_code_constant	owning typed contract module	domain_sources	Stable mathematical, lexical or defensive invariant is not a business configuration
crates/quant-pivot-models/src/config/lifecycle.rs:15	PROJECT_LIFECYCLE_SOURCE	code	keep_code_constant	owning typed contract module	lifecycle	Stable mathematical, lexical or defensive invariant is not a business configuration
crates/quant-pivot-models/src/config/secret.rs:14	MAX_CREDENTIAL_BYTES	code	keep_code_constant	owning typed contract module	secret	Stable mathematical, lexical or defensive invariant is not a business configuration
crates/quant-pivot-models/src/constants.rs:10	POLYGON_CHAIN_ID	code	keep_external_protocol	typed provider protocol catalog	external protocol adapter	Externally assigned protocol values cannot follow the project lifecycle baseline
crates/quant-pivot-models/src/constants.rs:15	COLLATERAL_DECIMALS	code	keep_code_constant	owning typed contract module	constants	Stable mathematical, lexical or defensive invariant is not a business configuration
crates/quant-pivot-models/src/constants.rs:18	COLLATERAL_SCALE	code	keep_code_constant	owning typed contract module	constants	Stable mathematical, lexical or defensive invariant is not a business configuration
crates/quant-pivot-models/src/constants.rs:29	CTF_ADDRESS	code	keep_code_constant	owning typed contract module	constants	Stable mathematical, lexical or defensive invariant is not a business configuration
crates/quant-pivot-models/src/constants.rs:32	PUSD_ADDRESS	code	keep_code_constant	owning typed contract module	constants	Stable mathematical, lexical or defensive invariant is not a business configuration
crates/quant-pivot-models/src/constants.rs:36	USDC_E_ADDRESS	code	keep_code_constant	owning typed contract module	constants	Stable mathematical, lexical or defensive invariant is not a business configuration
crates/quant-pivot-models/src/constants.rs:40	NEG_RISK_ADAPTER_ADDRESS	code	keep_code_constant	owning typed contract module	constants	Stable mathematical, lexical or defensive invariant is not a business configuration
crates/quant-pivot-models/src/constants.rs:43	CTF_COLLATERAL_ADAPTER_ADDRESS	code	keep_code_constant	owning typed contract module	constants	Stable mathematical, lexical or defensive invariant is not a business configuration
crates/quant-pivot-models/src/constants.rs:46	NEG_RISK_COLLATERAL_ADAPTER_ADDRESS	code	keep_code_constant	owning typed contract module	constants	Stable mathematical, lexical or defensive invariant is not a business configuration
crates/quant-pivot-models/src/domain/api/feature_integrity.rs:245	HASH	code	keep_code_constant	owning typed contract module	feature_integrity	Stable mathematical, lexical or defensive invariant is not a business configuration
crates/quant-pivot-models/src/domain/api/market.rs:268	DEFAULT_LOOKBACK_MINUTES	code	keep_code_constant	owning typed contract module	market	Stable mathematical, lexical or defensive invariant is not a business configuration
crates/quant-pivot-models/src/domain/api/market.rs:270	MAX_DAYS	code	keep_code_constant	owning typed contract module	market	Stable mathematical, lexical or defensive invariant is not a business configuration
crates/quant-pivot-models/src/domain/api/market.rs:272	MINUTE_THRESHOLD_HOURS	code	keep_code_constant	owning typed contract module	market	Stable mathematical, lexical or defensive invariant is not a business configuration
crates/quant-pivot-models/src/domain/data_plane/trade_tape.rs:90	TRADE_ID	code	keep_code_constant	owning typed contract module	trade_tape	Stable mathematical, lexical or defensive invariant is not a business configuration
crates/quant-pivot-models/src/domain/data_plane/trade_tape.rs:91	MARKET_ID	code	keep_code_constant	owning typed contract module	trade_tape	Stable mathematical, lexical or defensive invariant is not a business configuration
crates/quant-pivot-models/src/domain/data_plane/trade_tape.rs:92	TOKEN_ID	code	keep_code_constant	owning typed contract module	trade_tape	Stable mathematical, lexical or defensive invariant is not a business configuration
crates/quant-pivot-models/src/domain/data_plane/trade_tape.rs:93	PARTICIPANT_ADDRESS	code	keep_code_constant	owning typed contract module	trade_tape	Stable mathematical, lexical or defensive invariant is not a business configuration
crates/quant-pivot-models/src/domain/data_plane/trade_tape.rs:94	PARTICIPANT_ROLE	code	keep_code_constant	owning typed contract module	trade_tape	Stable mathematical, lexical or defensive invariant is not a business configuration
crates/quant-pivot-models/src/domain/data_plane/trade_tape.rs:95	SIDE	code	keep_code_constant	owning typed contract module	trade_tape	Stable mathematical, lexical or defensive invariant is not a business configuration
crates/quant-pivot-models/src/domain/data_plane/trade_tape.rs:96	TX_HASH	code	keep_code_constant	owning typed contract module	trade_tape	Stable mathematical, lexical or defensive invariant is not a business configuration
crates/quant-pivot-models/src/domain/data_plane/trade_tape.rs:97	PRICE	code	keep_code_constant	owning typed contract module	trade_tape	Stable mathematical, lexical or defensive invariant is not a business configuration
crates/quant-pivot-models/src/domain/data_plane/trade_tape.rs:98	SIZE	code	keep_code_constant	owning typed contract module	trade_tape	Stable mathematical, lexical or defensive invariant is not a business configuration
crates/quant-pivot-models/src/domain/data_plane/trade_tape.rs:99	FEE_RATE	code	keep_code_constant	owning typed contract module	trade_tape	Stable mathematical, lexical or defensive invariant is not a business configuration
crates/quant-pivot-models/src/domain/governance/lifecycle.rs:8	WS_MARKET_DATA_STALE_THRESHOLD_MS	code	keep_code_constant	owning typed contract module	lifecycle	Stable mathematical, lexical or defensive invariant is not a business configuration
crates/quant-pivot-models/src/domain/market/book.rs:108	IMBALANCE_DEPTH_LEVELS	code	keep_code_constant	owning typed contract module	book	Stable mathematical, lexical or defensive invariant is not a business configuration
crates/quant-pivot-models/src/domain/market/version.rs:22	CATALOG_OBJECT_SCHEMA_VERSION	code	reset_boot_1	owning typed contract module	serializer, validator and lineage reader	System-owned contract version is reset to the first boot baseline because no production lineage exists
crates/quant-pivot-models/src/domain/pagination.rs:120	DEFAULT_PAGE	code	keep_code_constant	owning typed contract module	pagination	Stable mathematical, lexical or defensive invariant is not a business configuration
crates/quant-pivot-models/src/domain/pagination.rs:122	DEFAULT_SIZE	code	keep_code_constant	owning typed contract module	pagination	Stable mathematical, lexical or defensive invariant is not a business configuration
crates/quant-pivot-models/src/domain/pagination.rs:124	MAX_SIZE	code	keep_code_constant	owning typed contract module	pagination	Stable mathematical, lexical or defensive invariant is not a business configuration
crates/quant-pivot-models/src/domain/quant/source_slice.rs:18	SOURCE_SLICE_READER_CONTRACT_V1	code	keep_code_constant	owning typed contract module	source_slice	Stable mathematical, lexical or defensive invariant is not a business configuration
crates/quant-pivot-models/src/domain/quant/source_slice.rs:19	SOURCE_SLICE_SCHEMA_CONTRACT_V1	code	keep_code_constant	owning typed contract module	source_slice	Stable mathematical, lexical or defensive invariant is not a business configuration
crates/quant-pivot-models/src/domain/query.rs:49	MESSAGE	code	keep_code_constant	owning typed contract module	query	Stable mathematical, lexical or defensive invariant is not a business configuration
crates/quant-pivot-models/src/domain/ws/channel.rs:77	ALL	code	keep_code_constant	owning typed contract module	channel	Stable mathematical, lexical or defensive invariant is not a business configuration
crates/quant-pivot-models/src/enums/catalog.rs:41	ALL	code	keep_code_constant	owning typed contract module	catalog	Stable mathematical, lexical or defensive invariant is not a business configuration
crates/quant-pivot-models/src/enums/catalog.rs:59	EMPTY	code	keep_code_constant	owning typed contract module	catalog	Stable mathematical, lexical or defensive invariant is not a business configuration
crates/quant-pivot-models/src/enums/common.rs:187	ALL_VARIANTS	code	keep_code_constant	owning typed contract module	common	Stable mathematical, lexical or defensive invariant is not a business configuration
crates/quant-pivot-models/src/enums/common.rs:277	EMPTY	code	keep_code_constant	owning typed contract module	common	Stable mathematical, lexical or defensive invariant is not a business configuration
crates/quant-pivot-models/src/enums/domain.rs:71	ALL	code	keep_code_constant	owning typed contract module	domain	Stable mathematical, lexical or defensive invariant is not a business configuration
crates/quant-pivot-models/src/enums/execution.rs:183	ALL	code	keep_code_constant	owning typed contract module	execution	Stable mathematical, lexical or defensive invariant is not a business configuration
crates/quant-pivot-models/src/enums/execution.rs:305	BEHAVIOR_TABLE	code	keep_code_constant	owning adapter contract module	execution	Stable identifier or protocol spelling is not an operator-tunable value
crates/quant-pivot-models/src/enums/execution.rs:63	ATTRIBUTION_READY	code	keep_code_constant	owning typed contract module	execution	Stable mathematical, lexical or defensive invariant is not a business configuration
crates/quant-pivot-models/src/enums/factor.rs:130	ALL_GENERIC	code	keep_code_constant	owning typed contract module	factor	Stable mathematical, lexical or defensive invariant is not a business configuration
crates/quant-pivot-models/src/enums/quant.rs:266	NEW_INTENT_AUTHORITY	code	keep_code_constant	owning typed contract module	quant	Stable mathematical, lexical or defensive invariant is not a business configuration
crates/quant-pivot-models/src/enums/quant.rs:269	REPORT_ROLLUP_COMPLETE	code	keep_code_constant	owning typed contract module	quant	Stable mathematical, lexical or defensive invariant is not a business configuration
crates/quant-pivot-models/src/enums/quant.rs:407	PRE_SUBMISSION_ACTIVE	code	keep_code_constant	owning typed contract module	quant	Stable mathematical, lexical or defensive invariant is not a business configuration
crates/quant-pivot-models/src/enums/quant.rs:415	SIBLING_INTENT_BLOCKING	code	keep_code_constant	owning typed contract module	quant	Stable mathematical, lexical or defensive invariant is not a business configuration
crates/quant-pivot-models/src/enums/quant.rs:427	OPEN	code	keep_code_constant	owning typed contract module	quant	Stable mathematical, lexical or defensive invariant is not a business configuration
crates/quant-pivot-models/src/enums/quant.rs:437	UNFILLED_TERMINAL	code	keep_code_constant	owning typed contract module	quant	Stable mathematical, lexical or defensive invariant is not a business configuration
crates/quant-pivot-models/src/enums/quant.rs:447	FILLED_TERMINAL	code	keep_code_constant	owning typed contract module	quant	Stable mathematical, lexical or defensive invariant is not a business configuration
crates/quant-pivot-models/src/enums/quant.rs:450	ATTRIBUTION_ELIGIBLE	code	keep_code_constant	owning typed contract module	quant	Stable mathematical, lexical or defensive invariant is not a business configuration
crates/quant-pivot-models/src/enums/rbac.rs:227	RESOURCE_OPERATIONS	code	keep_code_constant	owning typed contract module	rbac	Stable mathematical, lexical or defensive invariant is not a business configuration
crates/quant-pivot-models/src/enums/rbac.rs:38	PTYPE_POLICY	code	keep_code_constant	owning typed contract module	rbac	Stable mathematical, lexical or defensive invariant is not a business configuration
crates/quant-pivot-models/src/enums/rbac.rs:40	PTYPE_GROUPING	code	keep_code_constant	owning typed contract module	rbac	Stable mathematical, lexical or defensive invariant is not a business configuration
crates/quant-pivot-models/src/enums/rbac.rs:42	OBJECT_TYPE_RESOURCE	code	keep_code_constant	owning typed contract module	rbac	Stable mathematical, lexical or defensive invariant is not a business configuration
crates/quant-pivot-models/src/enums/rbac.rs:44	VALUE_COLUMNS	code	keep_code_constant	owning typed contract module	rbac	Stable mathematical, lexical or defensive invariant is not a business configuration
crates/quant-pivot-models/src/enums/rbac.rs:46	SECTIONS	code	keep_code_constant	owning typed contract module	rbac	Stable mathematical, lexical or defensive invariant is not a business configuration
crates/quant-pivot-models/src/enums/runtime_config.rs:249	ALL	code	keep_code_constant	owning typed contract module	runtime_config	Stable mathematical, lexical or defensive invariant is not a business configuration
crates/quant-pivot-models/src/hashing.rs:14	BLAKE3_PREFIX	code	keep_code_constant	owning typed contract module	hashing	Stable mathematical, lexical or defensive invariant is not a business configuration
crates/quant-pivot-models/src/runtime_config/mod.rs:38	POLICY_RESOURCE_SCHEMA_VERSION	code	reset_boot_1	owning typed contract module	serializer, validator and lineage reader	System-owned contract version is reset to the first boot baseline because no production lineage exists
crates/quant-pivot-models/src/runtime_config/schedule_preview.rs:16	MAX_PREVIEW_OCCURRENCES	code	keep_safety_limit	centralized defensive-limit module	boundary validator	Defensive upper bound prevents resource amplification and must not be raised through Runtime Config
crates/quant-pivot-models/src/runtime_config/sections/config.rs:1438	CPCV_N_GROUPS	code	keep_code_constant	owning typed contract module	config	Stable mathematical, lexical or defensive invariant is not a business configuration
crates/quant-pivot-models/src/runtime_config/sections/config.rs:1440	CPCV_K_TEST	code	keep_code_constant	owning typed contract module	config	Stable mathematical, lexical or defensive invariant is not a business configuration
crates/quant-pivot-models/src/runtime_config/sections/config.rs:1442	PBO_BLOCK_COUNT	code	derive_from_typed_schema	typed policy field validator	Runtime Config validation and generated UI schema	Editable field bounds must come from the same typed validator that governs the API and UI
crates/quant-pivot-models/src/runtime_config/sections/config.rs:1444	COMPLETE_PATH_COUNT	code	derive_from_typed_schema	typed policy field validator	Runtime Config validation and generated UI schema	Editable field bounds must come from the same typed validator that governs the API and UI
crates/quant-pivot-models/src/runtime_config/sections/config.rs:1446	FOLD_COUNT	code	derive_from_typed_schema	typed policy field validator	Runtime Config validation and generated UI schema	Editable field bounds must come from the same typed validator that governs the API and UI
crates/quant-pivot-models/src/runtime_config/sections/config.rs:1448	UTILITY_CONFIDENCE_BPS	code	derive_from_typed_schema	typed policy field validator	Runtime Config validation and generated UI schema	Editable field bounds must come from the same typed validator that governs the API and UI
crates/quant-pivot-models/src/runtime_config/sections/config.rs:1450	LATENCY_STRESS_MULTIPLIER	code	keep_code_constant	owning typed contract module	config	Stable mathematical, lexical or defensive invariant is not a business configuration
crates/quant-pivot-models/src/runtime_config/validation.rs:33	FEATURES_CONFIG_VALIDATORS	code	keep_code_constant	owning typed contract module	validation	Stable mathematical, lexical or defensive invariant is not a business configuration
crates/quant-pivot-models/src/runtime_config/validation.rs:929	MAX_EDGE_UNCERTAINTY_K	code	derive_from_typed_schema	typed policy field validator	Runtime Config validation and generated UI schema	Editable field bounds must come from the same typed validator that governs the API and UI
crates/quant-pivot-models/src/runtime_config/wire.rs:11	MASKED_SECRET	code	keep_code_constant	owning typed contract module	wire	Stable mathematical, lexical or defensive invariant is not a business configuration
crates/quant-pivot-models/src/runtime_config/wire.rs:325	ALL	code	keep_code_constant	owning typed contract module	wire	Stable mathematical, lexical or defensive invariant is not a business configuration
crates/quant-pivot-models/src/seed/rbac/admin_user.rs:22	SEED_ID	code	keep_code_constant	owning typed contract module	admin_user	Stable mathematical, lexical or defensive invariant is not a business configuration
crates/quant-pivot-models/src/seed/rbac/admin_user.rs:24	DEPENDS_ON	code	keep_code_constant	owning typed contract module	admin_user	Stable mathematical, lexical or defensive invariant is not a business configuration
crates/quant-pivot-models/src/seed/rbac/admin_user.rs:25	PRODUCES	code	keep_code_constant	owning typed contract module	admin_user	Stable mathematical, lexical or defensive invariant is not a business configuration
crates/quant-pivot-models/src/seed/rbac/admin_user.rs:27	ADMIN_USER_SEED	code	keep_code_constant	owning typed contract module	admin_user	Stable mathematical, lexical or defensive invariant is not a business configuration
crates/quant-pivot-models/src/seed/rbac/casbin.rs:24	SEED_ID	code	keep_code_constant	owning typed contract module	casbin	Stable mathematical, lexical or defensive invariant is not a business configuration
crates/quant-pivot-models/src/seed/rbac/casbin.rs:26	DEPENDS_ON	code	keep_code_constant	owning typed contract module	casbin	Stable mathematical, lexical or defensive invariant is not a business configuration
crates/quant-pivot-models/src/seed/rbac/casbin.rs:30	PRODUCES	code	keep_code_constant	owning typed contract module	casbin	Stable mathematical, lexical or defensive invariant is not a business configuration
crates/quant-pivot-models/src/seed/rbac/casbin.rs:32	CASBIN_SEED	code	keep_code_constant	owning typed contract module	casbin	Stable mathematical, lexical or defensive invariant is not a business configuration
crates/quant-pivot-models/src/seed/rbac/casbin.rs:45	READ_RESOURCES	code	keep_code_constant	owning typed contract module	casbin	Stable mathematical, lexical or defensive invariant is not a business configuration
crates/quant-pivot-models/src/seed/rbac/menus.rs:18	SEED_ID	code	keep_code_constant	owning typed contract module	menus	Stable mathematical, lexical or defensive invariant is not a business configuration
crates/quant-pivot-models/src/seed/rbac/menus.rs:20	DEPENDS_ON	code	keep_code_constant	owning typed contract module	menus	Stable mathematical, lexical or defensive invariant is not a business configuration
crates/quant-pivot-models/src/seed/rbac/menus.rs:21	PRODUCES	code	keep_code_constant	owning typed contract module	menus	Stable mathematical, lexical or defensive invariant is not a business configuration
crates/quant-pivot-models/src/seed/rbac/menus.rs:26	MENUS_SEED	code	keep_code_constant	owning typed contract module	menus	Stable mathematical, lexical or defensive invariant is not a business configuration
crates/quant-pivot-models/src/seed/rbac/mod.rs:23	DEFAULT_ADMIN_USERNAME	code	keep_code_constant	owning typed contract module	mod	Stable mathematical, lexical or defensive invariant is not a business configuration
crates/quant-pivot-models/src/seed/rbac/mod.rs:25	DEFAULT_ADMIN_NICKNAME	code	keep_code_constant	owning typed contract module	mod	Stable mathematical, lexical or defensive invariant is not a business configuration
crates/quant-pivot-models/src/seed/rbac/mod.rs:28	ROLE_SUPER_ADMIN	code	keep_code_constant	owning typed contract module	mod	Stable mathematical, lexical or defensive invariant is not a business configuration
crates/quant-pivot-models/src/seed/rbac/mod.rs:30	ROLE_ADMIN	code	keep_code_constant	owning typed contract module	mod	Stable mathematical, lexical or defensive invariant is not a business configuration
crates/quant-pivot-models/src/seed/rbac/mod.rs:32	ROLE_RISK_OWNER	code	keep_code_constant	owning typed contract module	mod	Stable mathematical, lexical or defensive invariant is not a business configuration
crates/quant-pivot-models/src/seed/rbac/mod.rs:34	ROLE_ANALYST	code	keep_code_constant	owning typed contract module	mod	Stable mathematical, lexical or defensive invariant is not a business configuration
crates/quant-pivot-models/src/seed/rbac/mod.rs:36	ROLE_OPERATOR	code	keep_code_constant	owning typed contract module	mod	Stable mathematical, lexical or defensive invariant is not a business configuration
crates/quant-pivot-models/src/seed/rbac/mod.rs:38	ROLE_VIEWER	code	keep_code_constant	owning typed contract module	mod	Stable mathematical, lexical or defensive invariant is not a business configuration
crates/quant-pivot-models/src/seed/rbac/mod.rs:40	ROLE_EMERGENCY_OPERATOR	code	keep_code_constant	owning typed contract module	mod	Stable mathematical, lexical or defensive invariant is not a business configuration
crates/quant-pivot-models/src/seed/rbac/mod.rs:43	ROLES_ARTIFACT	code	keep_code_constant	owning typed contract module	mod	Stable mathematical, lexical or defensive invariant is not a business configuration
crates/quant-pivot-models/src/seed/rbac/mod.rs:45	MENUS_ARTIFACT	code	keep_code_constant	owning typed contract module	mod	Stable mathematical, lexical or defensive invariant is not a business configuration
crates/quant-pivot-models/src/seed/rbac/mod.rs:47	MENU_GRANTS_ARTIFACT	code	keep_code_constant	owning typed contract module	mod	Stable mathematical, lexical or defensive invariant is not a business configuration
crates/quant-pivot-models/src/seed/rbac/mod.rs:49	ADMIN_USER_ARTIFACT	code	keep_code_constant	owning typed contract module	mod	Stable mathematical, lexical or defensive invariant is not a business configuration
crates/quant-pivot-models/src/seed/rbac/mod.rs:51	BOOTSTRAP_ADMIN_PASSWORD_HASH_INPUT	code	keep_code_constant	owning typed contract module	mod	Stable mathematical, lexical or defensive invariant is not a business configuration
crates/quant-pivot-models/src/seed/rbac/role_menu.rs:24	SEED_ID	code	keep_code_constant	owning typed contract module	role_menu	Stable mathematical, lexical or defensive invariant is not a business configuration
crates/quant-pivot-models/src/seed/rbac/role_menu.rs:26	DEPENDS_ON	code	keep_code_constant	owning typed contract module	role_menu	Stable mathematical, lexical or defensive invariant is not a business configuration
crates/quant-pivot-models/src/seed/rbac/role_menu.rs:30	PRODUCES	code	keep_code_constant	owning typed contract module	role_menu	Stable mathematical, lexical or defensive invariant is not a business configuration
crates/quant-pivot-models/src/seed/rbac/role_menu.rs:32	ROLE_MENU_SEED	code	keep_code_constant	owning typed contract module	role_menu	Stable mathematical, lexical or defensive invariant is not a business configuration
crates/quant-pivot-models/src/seed/rbac/roles.rs:20	SEED_ID	code	keep_code_constant	owning typed contract module	roles	Stable mathematical, lexical or defensive invariant is not a business configuration
crates/quant-pivot-models/src/seed/rbac/roles.rs:22	DEPENDS_ON	code	keep_code_constant	owning typed contract module	roles	Stable mathematical, lexical or defensive invariant is not a business configuration
crates/quant-pivot-models/src/seed/rbac/roles.rs:23	PRODUCES	code	keep_code_constant	owning typed contract module	roles	Stable mathematical, lexical or defensive invariant is not a business configuration
crates/quant-pivot-models/src/seed/rbac/roles.rs:26	BUILTIN_ROLES	code	keep_code_constant	owning typed contract module	roles	Stable mathematical, lexical or defensive invariant is not a business configuration
crates/quant-pivot-models/src/seed/rbac/roles.rs:66	ROLES_SEED	code	keep_code_constant	owning typed contract module	roles	Stable mathematical, lexical or defensive invariant is not a business configuration
crates/quant-pivot-models/src/seed/rbac/user_role.rs:16	SEED_ID	code	keep_code_constant	owning typed contract module	user_role	Stable mathematical, lexical or defensive invariant is not a business configuration
crates/quant-pivot-models/src/seed/rbac/user_role.rs:18	DEPENDS_ON	code	keep_code_constant	owning typed contract module	user_role	Stable mathematical, lexical or defensive invariant is not a business configuration
crates/quant-pivot-models/src/seed/rbac/user_role.rs:22	PRODUCES	code	keep_code_constant	owning typed contract module	user_role	Stable mathematical, lexical or defensive invariant is not a business configuration
crates/quant-pivot-models/src/seed/rbac/user_role.rs:24	USER_ROLE_SEED	code	keep_code_constant	owning typed contract module	user_role	Stable mathematical, lexical or defensive invariant is not a business configuration
crates/quant-pivot-models/src/seed/system_kill_switch.rs:14	DEPENDS_ON	code	keep_code_constant	owning typed contract module	system_kill_switch	Stable mathematical, lexical or defensive invariant is not a business configuration
crates/quant-pivot-models/src/seed/system_kill_switch.rs:15	PRODUCES	code	keep_code_constant	owning typed contract module	system_kill_switch	Stable mathematical, lexical or defensive invariant is not a business configuration
crates/quant-pivot-models/src/seed/system_kill_switch.rs:16	SINGLETON_ID	code	keep_code_constant	owning typed contract module	system_kill_switch	Stable mathematical, lexical or defensive invariant is not a business configuration
crates/quant-pivot-models/src/seed/system_kill_switch.rs:18	SYSTEM_KILL_SWITCH_SEED	code	keep_code_constant	owning typed contract module	system_kill_switch	Stable mathematical, lexical or defensive invariant is not a business configuration
crates/quant-pivot-models/src/seed/system_runtime_state.rs:16	DEPENDS_ON	code	keep_code_constant	owning typed contract module	system_runtime_state	Stable mathematical, lexical or defensive invariant is not a business configuration
crates/quant-pivot-models/src/seed/system_runtime_state.rs:17	PRODUCES	code	keep_code_constant	owning typed contract module	system_runtime_state	Stable mathematical, lexical or defensive invariant is not a business configuration
crates/quant-pivot-models/src/seed/system_runtime_state.rs:19	SINGLETON_ID	code	keep_code_constant	owning typed contract module	system_runtime_state	Stable mathematical, lexical or defensive invariant is not a business configuration
crates/quant-pivot-models/src/seed/system_runtime_state.rs:21	SYSTEM_RUNTIME_STATE_SEED	code	keep_code_constant	owning typed contract module	system_runtime_state	Stable mathematical, lexical or defensive invariant is not a business configuration
crates/quant-pivot-models/src/types/content.rs:296	FIRST	code	keep_code_constant	owning typed contract module	content	Stable mathematical, lexical or defensive invariant is not a business configuration
crates/quant-pivot-models/src/types/content.rs:39	BLAKE3_HEX_LEN	code	keep_code_constant	owning typed contract module	content	Stable mathematical, lexical or defensive invariant is not a business configuration
crates/quant-pivot-models/src/types/content.rs:402	VALID_HASH	code	keep_code_constant	owning typed contract module	content	Stable mathematical, lexical or defensive invariant is not a business configuration
crates/quant-pivot-models/src/types/dataset_coverage.rs:10	DATASET_COVERAGE_DECIMAL_SCALE	code	keep_code_constant	owning typed contract module	dataset_coverage	Stable mathematical, lexical or defensive invariant is not a business configuration
crates/quant-pivot-models/src/types/domain.rs:68	FIRST	code	keep_code_constant	owning typed contract module	domain	Stable mathematical, lexical or defensive invariant is not a business configuration
crates/quant-pivot-models/src/types/domain_capability.rs:14	DOMAIN_CAPABILITY_REGISTRY_FORMAT_VERSION	code	reset_boot_1	owning typed contract module	serializer, validator and lineage reader	System-owned contract version is reset to the first boot baseline because no production lineage exists
crates/quant-pivot-models/src/types/domain_classification.rs:16	DOMAIN_CATALOG_CLASSIFICATION_FORMAT_VERSION	code	reset_boot_1	owning typed contract module	serializer, validator and lineage reader	System-owned contract version is reset to the first boot baseline because no production lineage exists
crates/quant-pivot-models/src/types/entry_condition.rs:24	ENTRY_CONDITION_SCHEMA_VERSION	code	reset_boot_1	owning typed contract module	serializer, validator and lineage reader	System-owned contract version is reset to the first boot baseline because no production lineage exists
crates/quant-pivot-models/src/types/entry_condition.rs:25	ENTRY_CONDITION_EVALUATOR_VERSION	code	reset_boot_1	owning typed contract module	serializer, validator and lineage reader	System-owned contract version is reset to the first boot baseline because no production lineage exists
crates/quant-pivot-models/src/types/entry_condition.rs:26	ENTRY_CONDITION_MIN_GROUP_CHILDREN	code	keep_code_constant	owning typed contract module	entry_condition	Stable mathematical, lexical or defensive invariant is not a business configuration
crates/quant-pivot-models/src/types/entry_condition.rs:27	ENTRY_CONDITION_MAX_GROUP_CHILDREN	code	keep_code_constant	owning typed contract module	entry_condition	Stable mathematical, lexical or defensive invariant is not a business configuration
crates/quant-pivot-models/src/types/entry_condition.rs:28	ENTRY_CONDITION_MAX_DEPTH	code	keep_safety_limit	centralized defensive-limit module	boundary validator	Defensive upper bound prevents resource amplification and must not be raised through Runtime Config
crates/quant-pivot-models/src/types/entry_condition.rs:29	ENTRY_CONDITION_MAX_NODES	code	keep_code_constant	owning typed contract module	entry_condition	Stable mathematical, lexical or defensive invariant is not a business configuration
crates/quant-pivot-models/src/types/entry_condition.rs:30	ENTRY_CONDITION_MAX_CANDIDATES	code	keep_code_constant	owning typed contract module	entry_condition	Stable mathematical, lexical or defensive invariant is not a business configuration
crates/quant-pivot-models/src/types/entry_condition.rs:31	ENTRY_CONDITION_INPUT_CHANNEL	code	keep_code_constant	owning typed contract module	entry_condition	Stable mathematical, lexical or defensive invariant is not a business configuration
crates/quant-pivot-models/src/types/ids.rs:226	NAMESPACE	code	keep_code_constant	owning typed contract module	ids	Stable mathematical, lexical or defensive invariant is not a business configuration
crates/quant-pivot-models/src/types/ids.rs:243	NAMESPACE	code	keep_code_constant	owning typed contract module	ids	Stable mathematical, lexical or defensive invariant is not a business configuration
crates/quant-pivot-models/src/types/ids.rs:278	NAMESPACE	code	keep_code_constant	owning typed contract module	ids	Stable mathematical, lexical or defensive invariant is not a business configuration
crates/quant-pivot-models/src/types/ids.rs:326	NAMESPACE	code	keep_code_constant	owning typed contract module	ids	Stable mathematical, lexical or defensive invariant is not a business configuration
crates/quant-pivot-models/src/types/ids.rs:339	NAMESPACE	code	keep_code_constant	owning typed contract module	ids	Stable mathematical, lexical or defensive invariant is not a business configuration
crates/quant-pivot-models/src/types/ids.rs:360	NAMESPACE	code	keep_code_constant	owning typed contract module	ids	Stable mathematical, lexical or defensive invariant is not a business configuration
crates/quant-pivot-models/src/types/ids.rs:383	NAMESPACE	code	keep_code_constant	owning typed contract module	ids	Stable mathematical, lexical or defensive invariant is not a business configuration
crates/quant-pivot-models/src/types/ids.rs:433	NAMESPACE	code	keep_code_constant	owning typed contract module	ids	Stable mathematical, lexical or defensive invariant is not a business configuration
crates/quant-pivot-models/src/types/ids.rs:485	NAMESPACE	code	keep_code_constant	owning typed contract module	ids	Stable mathematical, lexical or defensive invariant is not a business configuration
crates/quant-pivot-models/src/types/ids.rs:574	NAMESPACE	code	keep_code_constant	owning typed contract module	ids	Stable mathematical, lexical or defensive invariant is not a business configuration
crates/quant-pivot-models/src/types/ids.rs:643	N	code	keep_code_constant	owning typed contract module	ids	Stable mathematical, lexical or defensive invariant is not a business configuration
crates/quant-pivot-models/src/types/micro.rs:146	ONE	code	keep_code_constant	owning typed contract module	micro	Stable mathematical, lexical or defensive invariant is not a business configuration
crates/quant-pivot-models/src/types/micro.rs:17	MICRO_SCALE	code	keep_code_constant	owning typed contract module	micro	Stable mathematical, lexical or defensive invariant is not a business configuration
crates/quant-pivot-models/src/types/micro.rs:249	ZERO	code	keep_code_constant	owning typed contract module	micro	Stable mathematical, lexical or defensive invariant is not a business configuration
crates/quant-pivot-models/src/types/micro.rs:250	ONE	code	keep_code_constant	owning typed contract module	micro	Stable mathematical, lexical or defensive invariant is not a business configuration
crates/quant-pivot-models/src/types/micro.rs:372	ZERO	code	keep_code_constant	owning typed contract module	micro	Stable mathematical, lexical or defensive invariant is not a business configuration
crates/quant-pivot-models/src/types/micro.rs:41	ZERO	code	keep_code_constant	owning typed contract module	micro	Stable mathematical, lexical or defensive invariant is not a business configuration
crates/quant-pivot-models/src/types/money.rs:52	ZERO	code	keep_code_constant	owning typed contract module	money	Stable mathematical, lexical or defensive invariant is not a business configuration
crates/quant-pivot-models/src/types/money.rs:53	ONE	code	keep_code_constant	owning typed contract module	money	Stable mathematical, lexical or defensive invariant is not a business configuration
crates/quant-pivot-models/src/types/money.rs:59	PRECISION	code	keep_code_constant	owning typed contract module	money	Stable mathematical, lexical or defensive invariant is not a business configuration
crates/quant-pivot-models/src/types/report_fact_bundle.rs:13	REPORT_FACT_BUNDLE_FORMAT_VERSION	code	reset_boot_1	owning typed contract module	serializer, validator and lineage reader	System-owned contract version is reset to the first boot baseline because no production lineage exists
crates/quant-pivot-models/src/types/report_funnel.rs:38	ALL	code	keep_code_constant	owning typed contract module	report_funnel	Stable mathematical, lexical or defensive invariant is not a business configuration
crates/quant-pivot-models/src/types/research_profile.rs:14	POOLED_1H_CONTROL_PROFILE_ID	code	centralize_operational_constant	owning worker contract or Deploy resource budget	research_profile	Operational constant must have one named owner; environment-sensitive values move to Deploy Config
crates/quant-pivot-models/src/types/research_profile.rs:15	CRYPTO_PRICE_15M_PROFILE_ID	code	keep_code_constant	owning typed contract module	research_profile	Stable mathematical, lexical or defensive invariant is not a business configuration
crates/quant-pivot-models/src/types/research_profile.rs:16	WEATHER_FORECAST_24H_PROFILE_ID	code	keep_code_constant	owning typed contract module	research_profile	Stable mathematical, lexical or defensive invariant is not a business configuration
crates/quant-pivot-models/src/types/research_profile.rs:17	POOLED_1H_HORIZON_SECS	code	centralize_operational_constant	owning worker contract or Deploy resource budget	research_profile	Operational constant must have one named owner; environment-sensitive values move to Deploy Config
crates/quant-pivot-models/src/types/research_profile.rs:18	CRYPTO_PRICE_15M_HORIZON_SECS	code	keep_code_constant	owning typed contract module	research_profile	Stable mathematical, lexical or defensive invariant is not a business configuration
crates/quant-pivot-models/src/types/research_profile.rs:19	WEATHER_FORECAST_24H_HORIZON_SECS	code	keep_code_constant	owning typed contract module	research_profile	Stable mathematical, lexical or defensive invariant is not a business configuration
crates/quant-pivot-models/src/types/research_profile.rs:232	SECONDS_PER_DAY	code	keep_code_constant	owning typed contract module	research_profile	Stable mathematical, lexical or defensive invariant is not a business configuration
crates/quant-pivot-models/src/types/research_readiness.rs:15	RETENTION_RUNWAY_EVIDENCE_FORMAT_VERSION	code	reset_boot_1	owning typed contract module	serializer, validator and lineage reader	System-owned contract version is reset to the first boot baseline because no production lineage exists
crates/quant-pivot-models/src/types/research_readiness.rs:16	SHADOW_LATENCY_PROFILE_FORMAT_VERSION	code	reset_boot_1	owning typed contract module	serializer, validator and lineage reader	System-owned contract version is reset to the first boot baseline because no production lineage exists
crates/quant-pivot-models/src/types/source_slice.rs:18	SOURCE_SLICE_MANIFEST_FORMAT_VERSION	code	reset_boot_1	owning typed contract module	serializer, validator and lineage reader	System-owned contract version is reset to the first boot baseline because no production lineage exists
crates/quant-pivot-models/src/types/trade_policy.rs:31	TRADE_POLICY_ARTIFACT_FORMAT_VERSION	code	reset_boot_1	owning typed contract module	serializer, validator and lineage reader	System-owned contract version is reset to the first boot baseline because no production lineage exists
crates/quant-pivot-models/src/types/trade_policy.rs:32	TRADE_POLICY_EVIDENCE_BUNDLE_FORMAT_VERSION	code	reset_boot_1	owning typed contract module	serializer, validator and lineage reader	System-owned contract version is reset to the first boot baseline because no production lineage exists
crates/quant-pivot-models/src/types/trade_policy.rs:33	TRADE_POLICY_MAX_CANDIDATES	code	keep_code_constant	owning typed contract module	trade_policy	Stable mathematical, lexical or defensive invariant is not a business configuration
crates/quant-pivot-models/src/types/trade_policy.rs:638	REQUIRED	code	keep_code_constant	owning typed contract module	trade_policy	Stable mathematical, lexical or defensive invariant is not a business configuration
crates/quant-pivot-models/src/types/trade_policy_evidence.rs:17	POLICY_EVIDENCE_OBJECT_FORMAT_VERSION	code	reset_boot_1	owning typed contract module	serializer, validator and lineage reader	System-owned contract version is reset to the first boot baseline because no production lineage exists
crates/quant-pivot-models/src/types/training.rs:16	DATASET_ARTIFACT_FORMAT_VERSION	code	reset_boot_1	owning typed contract module	serializer, validator and lineage reader	System-owned contract version is reset to the first boot baseline because no production lineage exists
crates/quant-pivot-repository/src/batch.rs:12	MAX_IN_LIST_LEN	code	keep_code_constant	owning typed contract module	batch	Stable mathematical, lexical or defensive invariant is not a business configuration
crates/quant-pivot-repository/src/batch.rs:18	IN_LIST_CHUNK	code	keep_code_constant	owning typed contract module	batch	Stable mathematical, lexical or defensive invariant is not a business configuration
crates/quant-pivot-repository/src/batch.rs:9	MAX_BIND_VARIABLES	code	keep_code_constant	owning typed contract module	batch	Stable mathematical, lexical or defensive invariant is not a business configuration
crates/quant-pivot-repository/src/clickhouse/feature_parity.rs:386	HASH	code	keep_code_constant	owning typed contract module	feature_parity	Stable mathematical, lexical or defensive invariant is not a business configuration
crates/quant-pivot-repository/src/postgres/catalog/ledger.rs:45	CATALOG_WRITER_LOCK_ID	code	keep_code_constant	owning typed contract module	ledger	Stable mathematical, lexical or defensive invariant is not a business configuration
crates/quant-pivot-repository/src/postgres/catalog/ledger.rs:46	MAX_FAILURE_DETAIL_BYTES	code	keep_code_constant	owning typed contract module	ledger	Stable mathematical, lexical or defensive invariant is not a business configuration
crates/quant-pivot-repository/src/postgres/governance/kill_switch.rs:12	SYSTEM_KILL_SWITCH_ID	code	keep_code_constant	owning typed contract module	kill_switch	Stable mathematical, lexical or defensive invariant is not a business configuration
crates/quant-pivot-repository/src/postgres/governance/runtime_config.rs:42	POLICY_ACTIVATION_GUARD_ID	code	keep_code_constant	owning typed contract module	runtime_config	Stable mathematical, lexical or defensive invariant is not a business configuration
crates/quant-pivot-repository/src/postgres/governance/system_runtime_state.rs:28	SINGLETON_ID	code	keep_code_constant	owning typed contract module	system_runtime_state	Stable mathematical, lexical or defensive invariant is not a business configuration
crates/quant-pivot-repository/src/postgres/quant/capital_allocation.rs:24	RESERVED_STATES	code	keep_code_constant	owning typed contract module	capital_allocation	Stable mathematical, lexical or defensive invariant is not a business configuration
crates/quant-pivot-repository/src/postgres/quant/domain_projection.rs:34	ENTITY	code	keep_code_constant	owning typed contract module	domain_projection	Stable mathematical, lexical or defensive invariant is not a business configuration
crates/quant-pivot-repository/src/postgres/quant/entry_condition.rs:36	ENTITY_ARTIFACT	code	keep_code_constant	owning typed contract module	entry_condition	Stable mathematical, lexical or defensive invariant is not a business configuration
crates/quant-pivot-repository/src/postgres/quant/entry_condition.rs:37	ENTITY_INSTANCE	code	keep_code_constant	owning typed contract module	entry_condition	Stable mathematical, lexical or defensive invariant is not a business configuration
crates/quant-pivot-repository/src/postgres/quant/execution_submission.rs:64	DANGLING_STATES	code	keep_code_constant	owning typed contract module	execution_submission	Stable mathematical, lexical or defensive invariant is not a business configuration
crates/quant-pivot-repository/src/postgres/quant/execution_submission.rs:70	IN_FLIGHT_EXIT_STATES	code	keep_code_constant	owning typed contract module	execution_submission	Stable mathematical, lexical or defensive invariant is not a business configuration
crates/quant-pivot-repository/src/postgres/quant/feature_parity.rs:49	LATCH_ADVISORY_LOCK_KEY	code	keep_code_constant	owning typed contract module	feature_parity	Stable mathematical, lexical or defensive invariant is not a business configuration
crates/quant-pivot-repository/src/postgres/quant/order_intent.rs:54	EXPIRABLE_STATUSES	code	keep_code_constant	owning typed contract module	order_intent	Stable mathematical, lexical or defensive invariant is not a business configuration
crates/quant-pivot-repository/src/postgres/quant/order_intent.rs:61	SYSTEM_KILL_SWITCH_ID	code	keep_code_constant	owning typed contract module	order_intent	Stable mathematical, lexical or defensive invariant is not a business configuration
crates/quant-pivot-repository/src/postgres/quant/order_intent.rs:62	ENTRY_CONDITION_ENTITY	code	keep_code_constant	owning typed contract module	order_intent	Stable mathematical, lexical or defensive invariant is not a business configuration
crates/quant-pivot-repository/src/postgres/quant/position.rs:39	OPEN_STATES	code	keep_code_constant	owning typed contract module	position	Stable mathematical, lexical or defensive invariant is not a business configuration
crates/quant-pivot-repository/src/postgres/quant/position.rs:42	CLOSED_STATES	code	keep_code_constant	owning typed contract module	position	Stable mathematical, lexical or defensive invariant is not a business configuration
crates/quant-pivot-repository/src/postgres/quant/position.rs:45	DEFAULT_HOLD_HORIZON_SECS	code	keep_code_constant	owning typed contract module	position	Stable mathematical, lexical or defensive invariant is not a business configuration
crates/quant-pivot-repository/src/postgres/quant/recommendation_report.rs:63	REPORT_FACT_RETRY_MAX_SECS	code	keep_code_constant	owning typed contract module	recommendation_report	Stable mathematical, lexical or defensive invariant is not a business configuration
crates/quant-pivot-repository/src/postgres/quant/recommendation_report.rs:64	REPORT_FACT_ERROR_MAX_CHARS	code	keep_code_constant	owning typed contract module	recommendation_report	Stable mathematical, lexical or defensive invariant is not a business configuration
crates/quant-pivot-repository/src/postgres/quant/report_run.rs:40	REPORT_RUN_QUEUE_LOCK_KEY	code	keep_code_constant	owning typed contract module	report_run	Stable mathematical, lexical or defensive invariant is not a business configuration
crates/quant-pivot-repository/src/postgres/quant/report_run.rs:41	REPORT_RUN_CLAIM_LOCK_KEY	code	keep_code_constant	owning typed contract module	report_run	Stable mathematical, lexical or defensive invariant is not a business configuration
crates/quant-pivot-repository/src/postgres/quant/report_run.rs:42	REPORT_SCHEDULE_LOCK_KEY	code	keep_code_constant	owning typed contract module	report_run	Stable mathematical, lexical or defensive invariant is not a business configuration
crates/quant-pivot-repository/src/postgres/quant/report_run.rs:43	ERROR_CODE_MAX_CHARS	code	keep_code_constant	owning typed contract module	report_run	Stable mathematical, lexical or defensive invariant is not a business configuration
crates/quant-pivot-repository/src/postgres/quant/report_run.rs:44	ERROR_SUMMARY_MAX_CHARS	code	keep_code_constant	owning typed contract module	report_run	Stable mathematical, lexical or defensive invariant is not a business configuration
crates/quant-pivot-research/src/artifact/local.rs:22	FILE_SCHEME	code	keep_algorithm_invariant	owning research contract module	local	Mathematical or serialization invariant is intentionally not operator editable
crates/quant-pivot-research/src/artifact/local.rs:246	COUNTER	code	keep_algorithm_invariant	owning research contract module	local	Mathematical or serialization invariant is intentionally not operator editable
crates/quant-pivot-research/src/execution_semantics.rs:18	EXECUTION_SEMANTICS_VERSION	code	keep_algorithm_invariant	owning research contract module	execution_semantics	Mathematical or serialization invariant is intentionally not operator editable
crates/quant-pivot-research/src/factors/acceptance.rs:849	SHAPES	code	keep_algorithm_invariant	owning research contract module	acceptance	Mathematical or serialization invariant is intentionally not operator editable
crates/quant-pivot-research/src/factors/acceptance.rs:868	VOLS	code	keep_algorithm_invariant	owning research contract module	acceptance	Mathematical or serialization invariant is intentionally not operator editable
crates/quant-pivot-research/src/factors/acceptance.rs:870	LAG_POINTS	code	keep_algorithm_invariant	owning research contract module	acceptance	Mathematical or serialization invariant is intentionally not operator editable
crates/quant-pivot-research/src/factors/collinearity.rs:27	CORR_SCALE	code	keep_algorithm_invariant	owning research contract module	collinearity	Mathematical or serialization invariant is intentionally not operator editable
crates/quant-pivot-research/src/factors/collinearity.rs:30	MIN_OVERLAP	code	migrate_immutable_profile	ResearchProfile, FeatureProfile or ScoringProfile artifact	training, replay or evaluation job	Research methodology must be frozen and content-addressed with each job
crates/quant-pivot-research/src/factors/computer.rs:52	PARALLEL_MIN_MARKETS	code	migrate_immutable_profile	ResearchProfile, FeatureProfile or ScoringProfile artifact	training, replay or evaluation job	Research methodology must be frozen and content-addressed with each job
crates/quant-pivot-research/src/factors/domain.rs:59	SECS_PER_DAY	code	keep_algorithm_invariant	owning research contract module	domain	Mathematical or serialization invariant is intentionally not operator editable
crates/quant-pivot-research/src/factors/identity.rs:52	PROVISIONAL_NAMESPACE	code	keep_code_constant	owning adapter contract module	identity	Stable identifier or protocol spelling is not an operator-tunable value
crates/quant-pivot-research/src/factors/names.rs:100	POSITION_TIME_IN_TRADE	code	keep_algorithm_invariant	owning research contract module	names	Mathematical or serialization invariant is intentionally not operator editable
crates/quant-pivot-research/src/factors/names.rs:102	POSITION_PEAK_DRAWDOWN	code	keep_algorithm_invariant	owning research contract module	names	Mathematical or serialization invariant is intentionally not operator editable
crates/quant-pivot-research/src/factors/names.rs:12	BOOK_IMBALANCE	code	keep_algorithm_invariant	owning research contract module	names	Mathematical or serialization invariant is intentionally not operator editable
crates/quant-pivot-research/src/factors/names.rs:17	MOMENTUM_ROC	code	keep_algorithm_invariant	owning research contract module	names	Mathematical or serialization invariant is intentionally not operator editable
crates/quant-pivot-research/src/factors/names.rs:19	MOMENTUM_EMA_SLOPE	code	keep_algorithm_invariant	owning research contract module	names	Mathematical or serialization invariant is intentionally not operator editable
crates/quant-pivot-research/src/factors/names.rs:21	MOMENTUM_VOL_ADJUSTED	code	keep_algorithm_invariant	owning research contract module	names	Mathematical or serialization invariant is intentionally not operator editable
crates/quant-pivot-research/src/factors/names.rs:23	MOMENTUM_MACD	code	keep_algorithm_invariant	owning research contract module	names	Mathematical or serialization invariant is intentionally not operator editable
crates/quant-pivot-research/src/factors/names.rs:26	MEAN_REVERSION	code	keep_algorithm_invariant	owning research contract module	names	Mathematical or serialization invariant is intentionally not operator editable
crates/quant-pivot-research/src/factors/names.rs:29	VOLATILITY_REGIME	code	keep_algorithm_invariant	owning research contract module	names	Mathematical or serialization invariant is intentionally not operator editable
crates/quant-pivot-research/src/factors/names.rs:32	MARKET_ACTIVITY	code	keep_algorithm_invariant	owning research contract module	names	Mathematical or serialization invariant is intentionally not operator editable
crates/quant-pivot-research/src/factors/names.rs:35	TIME_TO_RESOLUTION	code	keep_algorithm_invariant	owning research contract module	names	Mathematical or serialization invariant is intentionally not operator editable
crates/quant-pivot-research/src/factors/names.rs:38	DATA_QUALITY	code	keep_algorithm_invariant	owning research contract module	names	Mathematical or serialization invariant is intentionally not operator editable
crates/quant-pivot-research/src/factors/names.rs:43	STRUCT_REVERSAL_AFTER_SHOCK	code	keep_algorithm_invariant	owning research contract module	names	Mathematical or serialization invariant is intentionally not operator editable
crates/quant-pivot-research/src/factors/names.rs:47	STRUCT_RESOLUTION_PROXIMITY_REGIME	code	keep_algorithm_invariant	owning research contract module	names	Mathematical or serialization invariant is intentionally not operator editable
crates/quant-pivot-research/src/factors/names.rs:56	STRUCT_BOOK_CHURN_INTENSITY	code	keep_algorithm_invariant	owning research contract module	names	Mathematical or serialization invariant is intentionally not operator editable
crates/quant-pivot-research/src/factors/names.rs:59	STRUCT_PARTICIPANT_CONCENTRATION	code	keep_algorithm_invariant	owning research contract module	names	Mathematical or serialization invariant is intentionally not operator editable
crates/quant-pivot-research/src/factors/names.rs:62	STRUCT_NEGRISK_LEG_SUM_DRIFT	code	keep_algorithm_invariant	owning research contract module	names	Mathematical or serialization invariant is intentionally not operator editable
crates/quant-pivot-research/src/factors/names.rs:67	DOMAIN_CRYPTO_STRIKE_PRESSURE	code	keep_algorithm_invariant	owning research contract module	names	Mathematical or serialization invariant is intentionally not operator editable
crates/quant-pivot-research/src/factors/names.rs:70	DOMAIN_CRYPTO_BETA_REGIME	code	keep_algorithm_invariant	owning research contract module	names	Mathematical or serialization invariant is intentionally not operator editable
crates/quant-pivot-research/src/factors/names.rs:73	DOMAIN_WEATHER_ENSEMBLE_BIN_PROBABILITY	code	keep_algorithm_invariant	owning research contract module	names	Mathematical or serialization invariant is intentionally not operator editable
crates/quant-pivot-research/src/factors/names.rs:76	DOMAIN_WEATHER_ENSEMBLE_SPREAD	code	keep_algorithm_invariant	owning research contract module	names	Mathematical or serialization invariant is intentionally not operator editable
crates/quant-pivot-research/src/factors/names.rs:79	DOMAIN_WEATHER_OBSERVED_EXTREME_HEADROOM	code	keep_algorithm_invariant	owning research contract module	names	Mathematical or serialization invariant is intentionally not operator editable
crates/quant-pivot-research/src/factors/names.rs:7	LIQUIDITY_DEPTH	code	keep_algorithm_invariant	owning research contract module	names	Mathematical or serialization invariant is intentionally not operator editable
crates/quant-pivot-research/src/factors/names.rs:82	DOMAIN_WEATHER_NOAA_RESOLUTION_BASIS_RISK	code	keep_algorithm_invariant	owning research contract module	names	Mathematical or serialization invariant is intentionally not operator editable
crates/quant-pivot-research/src/factors/names.rs:85	STRUCT_NEGRISK_CONVERT_EDGE	code	keep_algorithm_invariant	owning research contract module	names	Mathematical or serialization invariant is intentionally not operator editable
crates/quant-pivot-research/src/factors/names.rs:88	STRUCT_FAVORITE_LONGSHOT	code	keep_algorithm_invariant	owning research contract module	names	Mathematical or serialization invariant is intentionally not operator editable
crates/quant-pivot-research/src/factors/names.rs:97	POSITION_UNREALIZED_PNL	code	keep_algorithm_invariant	owning research contract module	names	Mathematical or serialization invariant is intentionally not operator editable
crates/quant-pivot-research/src/factors/names.rs:9	SPREAD_EFFICIENCY	code	keep_algorithm_invariant	owning research contract module	names	Mathematical or serialization invariant is intentionally not operator editable
crates/quant-pivot-research/src/factors/normalize/stats.rs:18	NORM_SCALE	code	keep_algorithm_invariant	owning research contract module	stats	Mathematical or serialization invariant is intentionally not operator editable
crates/quant-pivot-research/src/features/builder.rs:218	NEED_BOOK	code	keep_algorithm_invariant	owning research contract module	builder	Mathematical or serialization invariant is intentionally not operator editable
crates/quant-pivot-research/src/features/builder.rs:219	NEED_MARKET	code	keep_algorithm_invariant	owning research contract module	builder	Mathematical or serialization invariant is intentionally not operator editable
crates/quant-pivot-research/src/features/builder.rs:220	NEED_SIBLING_LEGS	code	keep_algorithm_invariant	owning research contract module	builder	Mathematical or serialization invariant is intentionally not operator editable
crates/quant-pivot-research/src/features/builder.rs:221	NEED_TRADE_TAPE	code	keep_algorithm_invariant	owning research contract module	builder	Mathematical or serialization invariant is intentionally not operator editable
crates/quant-pivot-research/src/features/builder.rs:222	NEED_DOMAIN	code	keep_code_constant	owning adapter contract module	builder	Stable identifier or protocol spelling is not an operator-tunable value
crates/quant-pivot-research/src/features/domain/crypto.rs:45	BPS_PER_UNIT	code	keep_algorithm_invariant	owning research contract module	crypto	Mathematical or serialization invariant is intentionally not operator editable
crates/quant-pivot-research/src/features/domain/weather.rs:39	SQRT_ITERATIONS	code	keep_algorithm_invariant	owning research contract module	weather	Mathematical or serialization invariant is intentionally not operator editable
crates/quant-pivot-research/src/features/domain/weather.rs:40	FORECAST_INTERVAL_HOURS	code	keep_algorithm_invariant	owning research contract module	weather	Mathematical or serialization invariant is intentionally not operator editable
crates/quant-pivot-research/src/features/domain/weather.rs:41	WEATHER_BIAS_METHODOLOGY	code	keep_algorithm_invariant	owning research contract module	weather	Mathematical or serialization invariant is intentionally not operator editable
crates/quant-pivot-research/src/features/generic/stats.rs:22	STAT_SCALE	code	keep_algorithm_invariant	owning research contract module	stats	Mathematical or serialization invariant is intentionally not operator editable
crates/quant-pivot-research/src/features/names.rs:101	PRICE_EXTREMITY	code	keep_algorithm_invariant	owning research contract module	names	Mathematical or serialization invariant is intentionally not operator editable
crates/quant-pivot-research/src/features/names.rs:106	BOOK_CHURN_INTENSITY	code	keep_algorithm_invariant	owning research contract module	names	Mathematical or serialization invariant is intentionally not operator editable
crates/quant-pivot-research/src/features/names.rs:109	TRADE_TAPE_COUNT	code	keep_algorithm_invariant	owning research contract module	names	Mathematical or serialization invariant is intentionally not operator editable
crates/quant-pivot-research/src/features/names.rs:111	TRADE_TAPE_NOTIONAL_USD	code	keep_algorithm_invariant	owning research contract module	names	Mathematical or serialization invariant is intentionally not operator editable
crates/quant-pivot-research/src/features/names.rs:114	PARTICIPANT_COVERAGE_RATIO	code	migrate_immutable_profile	ResearchProfile, FeatureProfile or ScoringProfile artifact	training, replay or evaluation job	Research methodology must be frozen and content-addressed with each job
crates/quant-pivot-research/src/features/names.rs:117	PARTICIPANT_COUNT	code	keep_algorithm_invariant	owning research contract module	names	Mathematical or serialization invariant is intentionally not operator editable
crates/quant-pivot-research/src/features/names.rs:119	PARTICIPANT_GINI	code	keep_algorithm_invariant	owning research contract module	names	Mathematical or serialization invariant is intentionally not operator editable
crates/quant-pivot-research/src/features/names.rs:121	PARTICIPANT_HHI	code	keep_algorithm_invariant	owning research contract module	names	Mathematical or serialization invariant is intentionally not operator editable
crates/quant-pivot-research/src/features/names.rs:123	PARTICIPANT_CR1_SHARE	code	keep_algorithm_invariant	owning research contract module	names	Mathematical or serialization invariant is intentionally not operator editable
crates/quant-pivot-research/src/features/names.rs:126	MAKER_GINI	code	keep_algorithm_invariant	owning research contract module	names	Mathematical or serialization invariant is intentionally not operator editable
crates/quant-pivot-research/src/features/names.rs:128	TAKER_GINI	code	keep_algorithm_invariant	owning research contract module	names	Mathematical or serialization invariant is intentionally not operator editable
crates/quant-pivot-research/src/features/names.rs:130	NEGRISK_LEG_ASK_SUM	code	keep_algorithm_invariant	owning research contract module	names	Mathematical or serialization invariant is intentionally not operator editable
crates/quant-pivot-research/src/features/names.rs:134	NEGRISK_LEG_BID_SUM	code	keep_algorithm_invariant	owning research contract module	names	Mathematical or serialization invariant is intentionally not operator editable
crates/quant-pivot-research/src/features/names.rs:137	NEGRISK_LEG_COUNT	code	keep_algorithm_invariant	owning research contract module	names	Mathematical or serialization invariant is intentionally not operator editable
crates/quant-pivot-research/src/features/names.rs:139	NEGRISK_CONVERT_EDGE	code	keep_algorithm_invariant	owning research contract module	names	Mathematical or serialization invariant is intentionally not operator editable
crates/quant-pivot-research/src/features/names.rs:153	DISTANCE_TO_STRIKE	code	keep_algorithm_invariant	owning research contract module	names	Mathematical or serialization invariant is intentionally not operator editable
crates/quant-pivot-research/src/features/names.rs:156	UNDERLYING_MOMENTUM	code	keep_algorithm_invariant	owning research contract module	names	Mathematical or serialization invariant is intentionally not operator editable
crates/quant-pivot-research/src/features/names.rs:159	UNDERLYING_REALIZED_VOL	code	keep_algorithm_invariant	owning research contract module	names	Mathematical or serialization invariant is intentionally not operator editable
crates/quant-pivot-research/src/features/names.rs:15	BEST_BID	code	keep_algorithm_invariant	owning research contract module	names	Mathematical or serialization invariant is intentionally not operator editable
crates/quant-pivot-research/src/features/names.rs:162	TIME_TO_OBSERVATION	code	keep_algorithm_invariant	owning research contract module	names	Mathematical or serialization invariant is intentionally not operator editable
crates/quant-pivot-research/src/features/names.rs:166	BASIS_VS_RESOLUTION_SOURCE	code	keep_algorithm_invariant	owning research contract module	names	Mathematical or serialization invariant is intentionally not operator editable
crates/quant-pivot-research/src/features/names.rs:175	ENSEMBLE_BIN_PROBABILITY	code	keep_algorithm_invariant	owning research contract module	names	Mathematical or serialization invariant is intentionally not operator editable
crates/quant-pivot-research/src/features/names.rs:177	ENSEMBLE_SPREAD	code	keep_algorithm_invariant	owning research contract module	names	Mathematical or serialization invariant is intentionally not operator editable
crates/quant-pivot-research/src/features/names.rs:179	OBSERVED_EXTREME_HEADROOM	code	keep_algorithm_invariant	owning research contract module	names	Mathematical or serialization invariant is intentionally not operator editable
crates/quant-pivot-research/src/features/names.rs:17	BEST_ASK	code	keep_algorithm_invariant	owning research contract module	names	Mathematical or serialization invariant is intentionally not operator editable
crates/quant-pivot-research/src/features/names.rs:181	NOAA_RESOLUTION_BASIS_RISK	code	keep_algorithm_invariant	owning research contract module	names	Mathematical or serialization invariant is intentionally not operator editable
crates/quant-pivot-research/src/features/names.rs:19	SECONDARY_BEST_ASK	code	keep_algorithm_invariant	owning research contract module	names	Mathematical or serialization invariant is intentionally not operator editable
crates/quant-pivot-research/src/features/names.rs:21	MID	code	keep_algorithm_invariant	owning research contract module	names	Mathematical or serialization invariant is intentionally not operator editable
crates/quant-pivot-research/src/features/names.rs:23	SPREAD_BPS	code	migrate_immutable_profile	ResearchProfile, FeatureProfile or ScoringProfile artifact	training, replay or evaluation job	Research methodology must be frozen and content-addressed with each job
crates/quant-pivot-research/src/features/names.rs:25	DEPTH_IMBALANCE	code	keep_algorithm_invariant	owning research contract module	names	Mathematical or serialization invariant is intentionally not operator editable
crates/quant-pivot-research/src/features/names.rs:27	SLOPE	code	keep_algorithm_invariant	owning research contract module	names	Mathematical or serialization invariant is intentionally not operator editable
crates/quant-pivot-research/src/features/names.rs:29	VISIBLE_LIQUIDITY_USD	code	keep_algorithm_invariant	owning research contract module	names	Mathematical or serialization invariant is intentionally not operator editable
crates/quant-pivot-research/src/features/names.rs:32	AGE_MS	code	keep_algorithm_invariant	owning research contract module	names	Mathematical or serialization invariant is intentionally not operator editable
crates/quant-pivot-research/src/features/names.rs:34	CROSSED	code	keep_algorithm_invariant	owning research contract module	names	Mathematical or serialization invariant is intentionally not operator editable
crates/quant-pivot-research/src/features/names.rs:36	EMPTY	code	keep_algorithm_invariant	owning research contract module	names	Mathematical or serialization invariant is intentionally not operator editable
crates/quant-pivot-research/src/features/names.rs:44	CATEGORY	code	keep_algorithm_invariant	owning research contract module	names	Mathematical or serialization invariant is intentionally not operator editable
crates/quant-pivot-research/src/features/names.rs:46	TIME_TO_RESOLUTION_SECS	code	keep_algorithm_invariant	owning research contract module	names	Mathematical or serialization invariant is intentionally not operator editable
crates/quant-pivot-research/src/features/names.rs:49	EVENT_AGE_SECS	code	keep_algorithm_invariant	owning research contract module	names	Mathematical or serialization invariant is intentionally not operator editable
crates/quant-pivot-research/src/features/names.rs:51	NEG_RISK	code	keep_algorithm_invariant	owning research contract module	names	Mathematical or serialization invariant is intentionally not operator editable
crates/quant-pivot-research/src/features/names.rs:53	IS_ACTIVE	code	keep_algorithm_invariant	owning research contract module	names	Mathematical or serialization invariant is intentionally not operator editable
crates/quant-pivot-research/src/features/names.rs:61	PRICE_REVERSAL	code	keep_algorithm_invariant	owning research contract module	names	Mathematical or serialization invariant is intentionally not operator editable
crates/quant-pivot-research/src/features/names.rs:63	MACD_NORM	code	keep_algorithm_invariant	owning research contract module	names	Mathematical or serialization invariant is intentionally not operator editable
crates/quant-pivot-research/src/features/names.rs:71	QUOTE_UPDATE_RATE	code	keep_algorithm_invariant	owning research contract module	names	Mathematical or serialization invariant is intentionally not operator editable
crates/quant-pivot-research/src/features/names.rs:73	BOOK_CHURN	code	keep_algorithm_invariant	owning research contract module	names	Mathematical or serialization invariant is intentionally not operator editable
crates/quant-pivot-research/src/features/names.rs:75	QUEUE_DEPLETION	code	keep_algorithm_invariant	owning research contract module	names	Mathematical or serialization invariant is intentionally not operator editable
crates/quant-pivot-research/src/features/names.rs:77	SUDDEN_LIQUIDITY_WITHDRAWAL	code	keep_algorithm_invariant	owning research contract module	names	Mathematical or serialization invariant is intentionally not operator editable
crates/quant-pivot-research/src/features/names.rs:80	ADVERSE_SELECTION_PROXY	code	keep_algorithm_invariant	owning research contract module	names	Mathematical or serialization invariant is intentionally not operator editable
crates/quant-pivot-research/src/features/names.rs:83	STALE_QUOTE_FREQUENCY	code	keep_algorithm_invariant	owning research contract module	names	Mathematical or serialization invariant is intentionally not operator editable
crates/quant-pivot-research/src/features/names.rs:93	SHORT_RETURN	code	keep_algorithm_invariant	owning research contract module	names	Mathematical or serialization invariant is intentionally not operator editable
crates/quant-pivot-research/src/features/names.rs:95	SHOCK_RATIO	code	migrate_immutable_profile	ResearchProfile, FeatureProfile or ScoringProfile artifact	training, replay or evaluation job	Research methodology must be frozen and content-addressed with each job
crates/quant-pivot-research/src/hashing.rs:58	HASH_STAT_SCALE	code	keep_algorithm_invariant	owning research contract module	hashing	Mathematical or serialization invariant is intentionally not operator editable
crates/quant-pivot-research/src/linkage/manual_evidence.rs:28	ALWAYS_REQUIRED_FIELDS	code	keep_algorithm_invariant	owning research contract module	manual_evidence	Mathematical or serialization invariant is intentionally not operator editable
crates/quant-pivot-research/src/linkage/mod.rs:275	CHAINLINK_STREAM_RULES	code	keep_algorithm_invariant	owning research contract module	mod	Mathematical or serialization invariant is intentionally not operator editable
crates/quant-pivot-research/src/linkage/oracle.rs:27	CHAINLINK_STREAM	code	keep_algorithm_invariant	owning research contract module	oracle	Mathematical or serialization invariant is intentionally not operator editable
crates/quant-pivot-research/src/linkage/oracle.rs:32	BINANCE_WORD	code	keep_algorithm_invariant	owning research contract module	oracle	Mathematical or serialization invariant is intentionally not operator editable
crates/quant-pivot-research/src/linkage/oracle.rs:35	BINANCE_PAIR	code	keep_algorithm_invariant	owning research contract module	oracle	Mathematical or serialization invariant is intentionally not operator editable
crates/quant-pivot-research/src/linkage/oracle.rs:38	BINANCE_INTERVAL	code	keep_algorithm_invariant	owning research contract module	oracle	Mathematical or serialization invariant is intentionally not operator editable
crates/quant-pivot-research/src/linkage/oracle.rs:45	CANDLE	code	keep_algorithm_invariant	owning research contract module	oracle	Mathematical or serialization invariant is intentionally not operator editable
crates/quant-pivot-research/src/linkage/ruleset.rs:24	DOMAIN_RESOLVER_VERSION	code	keep_algorithm_invariant	owning research contract module	ruleset	Mathematical or serialization invariant is intentionally not operator editable
crates/quant-pivot-research/src/linkage/ruleset.rs:27	PUBLIC_RTDS_ASSETS	code	keep_algorithm_invariant	owning research contract module	ruleset	Mathematical or serialization invariant is intentionally not operator editable
crates/quant-pivot-research/src/linkage/ruleset.rs:30	BINANCE_SPOT_ASSETS	code	keep_algorithm_invariant	owning research contract module	ruleset	Mathematical or serialization invariant is intentionally not operator editable
crates/quant-pivot-research/src/linkage/ruleset.rs:33	ALL_CRYPTO_ASSETS	code	keep_algorithm_invariant	owning research contract module	ruleset	Mathematical or serialization invariant is intentionally not operator editable
crates/quant-pivot-research/src/linkage/ruleset.rs:37	CREDENTIAL_CHAINLINK_ASSETS	code	keep_algorithm_invariant	owning research contract module	ruleset	Mathematical or serialization invariant is intentionally not operator editable
crates/quant-pivot-research/src/linkage/ruleset.rs:40	CREDENTIAL_BINANCE_ASSETS	code	keep_algorithm_invariant	owning research contract module	ruleset	Mathematical or serialization invariant is intentionally not operator editable
crates/quant-pivot-research/src/linkage/ruleset.rs:43	BINANCE_USDM_FUTURES_ASSETS	code	keep_algorithm_invariant	owning research contract module	ruleset	Mathematical or serialization invariant is intentionally not operator editable
crates/quant-pivot-research/src/linkage/ruleset.rs:64	RULES	code	keep_algorithm_invariant	owning research contract module	ruleset	Mathematical or serialization invariant is intentionally not operator editable
crates/quant-pivot-research/src/linkage/tier0_slug.rs:171	CHAINLINK_STREAM_RULES	code	keep_algorithm_invariant	owning research contract module	tier0_slug	Mathematical or serialization invariant is intentionally not operator editable
crates/quant-pivot-research/src/linkage/tier0_slug.rs:285	ALIGNED_EPOCH	code	keep_algorithm_invariant	owning research contract module	tier0_slug	Mathematical or serialization invariant is intentionally not operator editable
crates/quant-pivot-research/src/linkage/tier1_template.rs:445	MAX_PLAUSIBLE_YEAR_DRIFT	code	migrate_immutable_profile	ResearchProfile, FeatureProfile or ScoringProfile artifact	training, replay or evaluation job	Research methodology must be frozen and content-addressed with each job
crates/quant-pivot-research/src/linkage/tier1_template.rs:45	HOURLY_SLUG	code	keep_algorithm_invariant	owning research contract module	tier1_template	Mathematical or serialization invariant is intentionally not operator editable
crates/quant-pivot-research/src/linkage/tier1_template.rs:500	CHAINLINK_RULES	code	keep_algorithm_invariant	owning research contract module	tier1_template	Mathematical or serialization invariant is intentionally not operator editable
crates/quant-pivot-research/src/linkage/tier1_template.rs:506	BINANCE_RULES	code	keep_algorithm_invariant	owning research contract module	tier1_template	Mathematical or serialization invariant is intentionally not operator editable
crates/quant-pivot-research/src/linkage/tier1_template.rs:509	HIGHER_BRACKET_RULES	code	keep_algorithm_invariant	owning research contract module	tier1_template	Mathematical or serialization invariant is intentionally not operator editable
crates/quant-pivot-research/src/linkage/tier1_template.rs:51	DAILY_SLUG	code	keep_algorithm_invariant	owning research contract module	tier1_template	Mathematical or serialization invariant is intentionally not operator editable
crates/quant-pivot-research/src/linkage/tier1_template.rs:56	DOLLAR_BAND	code	keep_algorithm_invariant	owning research contract module	tier1_template	Mathematical or serialization invariant is intentionally not operator editable
crates/quant-pivot-research/src/linkage/tier1_template.rs:65	THRESHOLD_PHRASE_AMOUNT	code	keep_algorithm_invariant	owning research contract module	tier1_template	Mathematical or serialization invariant is intentionally not operator editable
crates/quant-pivot-research/src/linkage/weather_daily_temperature.rs:31	BETWEEN_BAND	code	keep_algorithm_invariant	owning research contract module	weather_daily_temperature	Mathematical or serialization invariant is intentionally not operator editable
crates/quant-pivot-research/src/linkage/weather_daily_temperature.rs:33	OPEN_BAND	code	keep_algorithm_invariant	owning research contract module	weather_daily_temperature	Mathematical or serialization invariant is intentionally not operator editable
crates/quant-pivot-research/src/linkage/weather_daily_temperature.rs:36	EXACT_BAND	code	keep_algorithm_invariant	owning research contract module	weather_daily_temperature	Mathematical or serialization invariant is intentionally not operator editable
crates/quant-pivot-research/src/linkage/weather_daily_temperature.rs:38	TEMPERATURE_STATISTIC	code	keep_algorithm_invariant	owning research contract module	weather_daily_temperature	Mathematical or serialization invariant is intentionally not operator editable
crates/quant-pivot-research/src/linkage/weather_daily_temperature.rs:40	QUESTION_DATE	code	keep_algorithm_invariant	owning research contract module	weather_daily_temperature	Mathematical or serialization invariant is intentionally not operator editable
crates/quant-pivot-research/src/linkage/weather_daily_temperature.rs:42	SETTLEMENT_URL	code	keep_algorithm_invariant	owning research contract module	weather_daily_temperature	Mathematical or serialization invariant is intentionally not operator editable
crates/quant-pivot-research/src/model/artifact.rs:1464	MODEL_ARTIFACT_FORMAT_VERSION	code	reset_boot_1	owning typed contract module	serializer, validator and lineage reader	System-owned contract version is reset to the first boot baseline because no production lineage exists
crates/quant-pivot-research/src/model/calibration.rs:56	MIN_BUCKET_SAMPLES	code	migrate_immutable_profile	ResearchProfile, FeatureProfile or ScoringProfile artifact	training, replay or evaluation job	Research methodology must be frozen and content-addressed with each job
crates/quant-pivot-research/src/model/calibrator/isotonic.rs:16	MIN_SAMPLES_FLOOR	code	migrate_immutable_profile	ResearchProfile, FeatureProfile or ScoringProfile artifact	training, replay or evaluation job	Research methodology must be frozen and content-addressed with each job
crates/quant-pivot-research/src/model/calibrator/platt.rs:22	MIN_SAMPLES	code	migrate_immutable_profile	ResearchProfile, FeatureProfile or ScoringProfile artifact	training, replay or evaluation job	Research methodology must be frozen and content-addressed with each job
crates/quant-pivot-research/src/model/calibrator/platt.rs:23	MAX_ITERATIONS	code	migrate_immutable_profile	ResearchProfile, FeatureProfile or ScoringProfile artifact	training, replay or evaluation job	Research methodology must be frozen and content-addressed with each job
crates/quant-pivot-research/src/model/calibrator/platt.rs:24	MIN_STEP	code	migrate_immutable_profile	ResearchProfile, FeatureProfile or ScoringProfile artifact	training, replay or evaluation job	Research methodology must be frozen and content-addressed with each job
crates/quant-pivot-research/src/model/calibrator/platt.rs:25	SIGMA	code	keep_algorithm_invariant	owning research contract module	platt	Mathematical or serialization invariant is intentionally not operator editable
crates/quant-pivot-research/src/model/calibrator/platt.rs:26	STOPPING_GRAD	code	keep_algorithm_invariant	owning research contract module	platt	Mathematical or serialization invariant is intentionally not operator editable
crates/quant-pivot-research/src/model/calibrator/platt.rs:28	MAX_BACKTRACK_STEPS	code	migrate_immutable_profile	ResearchProfile, FeatureProfile or ScoringProfile artifact	training, replay or evaluation job	Research methodology must be frozen and content-addressed with each job
crates/quant-pivot-research/src/model/classical.rs:59	CLASSICAL_CRATE_NAME	code	keep_algorithm_invariant	owning research contract module	classical	Mathematical or serialization invariant is intentionally not operator editable
crates/quant-pivot-research/src/model/classical.rs:61	CLASSICAL_CRATE_VERSION	code	keep_algorithm_invariant	owning research contract module	classical	Mathematical or serialization invariant is intentionally not operator editable
crates/quant-pivot-research/src/model/classical_runtime.rs:44	MAX_LONG_DOWNSIDE_BPS	code	migrate_immutable_profile	ResearchProfile, FeatureProfile or ScoringProfile artifact	training, replay or evaluation job	Research methodology must be frozen and content-addressed with each job
crates/quant-pivot-research/src/model/favorite_longshot.rs:50	STAT_SCALE	code	keep_algorithm_invariant	owning research contract module	favorite_longshot	Mathematical or serialization invariant is intentionally not operator editable
crates/quant-pivot-research/src/model/objective.rs:26	BPS_PER_UNIT_RETURN	code	keep_algorithm_invariant	owning research contract module	objective	Mathematical or serialization invariant is intentionally not operator editable
crates/quant-pivot-research/src/model/optimize.rs:32	MAX_ITERS	code	migrate_immutable_profile	ResearchProfile, FeatureProfile or ScoringProfile artifact	training, replay or evaluation job	Research methodology must be frozen and content-addressed with each job
crates/quant-pivot-research/src/model/optimize.rs:35	SIMPLEX_DELTA	code	keep_algorithm_invariant	owning research contract module	optimize	Mathematical or serialization invariant is intentionally not operator editable
crates/quant-pivot-research/src/model/optimize.rs:38	LN_FLOOR	code	keep_algorithm_invariant	owning research contract module	optimize	Mathematical or serialization invariant is intentionally not operator editable
crates/quant-pivot-research/src/model/reliability.rs:25	RELIABILITY_BINS	code	keep_algorithm_invariant	owning research contract module	reliability	Mathematical or serialization invariant is intentionally not operator editable
crates/quant-pivot-research/src/model/reliability.rs:27	LOG_LOSS_EPS	code	keep_algorithm_invariant	owning research contract module	reliability	Mathematical or serialization invariant is intentionally not operator editable
crates/quant-pivot-research/src/model/sell_scorer/trainer.rs:35	MIN_ALPHA_SCALE_BPS	code	migrate_immutable_profile	ResearchProfile, FeatureProfile or ScoringProfile artifact	training, replay or evaluation job	Research methodology must be frozen and content-addressed with each job
crates/quant-pivot-research/src/model/sell_scorer/trainer.rs:36	MAX_ALPHA_SCALE_BPS	code	migrate_immutable_profile	ResearchProfile, FeatureProfile or ScoringProfile artifact	training, replay or evaluation job	Research methodology must be frozen and content-addressed with each job
crates/quant-pivot-research/src/model/sell_scorer/trainer.rs:39	GAIN_CANDIDATES	code	keep_algorithm_invariant	owning research contract module	trainer	Mathematical or serialization invariant is intentionally not operator editable
crates/quant-pivot-research/src/model/trainer.rs:203	SEARCH_STEPS	code	keep_algorithm_invariant	owning research contract module	trainer	Mathematical or serialization invariant is intentionally not operator editable
crates/quant-pivot-research/src/model/trainer.rs:206	MAX_SEARCH_ROUNDS	code	migrate_immutable_profile	ResearchProfile, FeatureProfile or ScoringProfile artifact	training, replay or evaluation job	Research methodology must be frozen and content-addressed with each job
crates/quant-pivot-research/src/model/weighted/mod.rs:62	EXPLANATION_TOP_K	code	keep_algorithm_invariant	owning research contract module	mod	Mathematical or serialization invariant is intentionally not operator editable
crates/quant-pivot-research/src/policy_replay.rs:36	POLICY_REPLAY_KERNEL_VERSION	code	keep_algorithm_invariant	owning research contract module	policy_replay	Mathematical or serialization invariant is intentionally not operator editable
crates/quant-pivot-research/src/policy_validation.rs:35	POLICY_CPCV_GROUPS	code	keep_algorithm_invariant	owning research contract module	policy_validation	Mathematical or serialization invariant is intentionally not operator editable
crates/quant-pivot-research/src/policy_validation.rs:36	POLICY_CPCV_TEST_GROUPS	code	keep_algorithm_invariant	owning research contract module	policy_validation	Mathematical or serialization invariant is intentionally not operator editable
crates/quant-pivot-research/src/policy_validation.rs:37	POLICY_CPCV_COMBINATIONS	code	keep_algorithm_invariant	owning research contract module	policy_validation	Mathematical or serialization invariant is intentionally not operator editable
crates/quant-pivot-research/src/policy_validation.rs:38	POLICY_CPCV_PATHS	code	keep_algorithm_invariant	owning research contract module	policy_validation	Mathematical or serialization invariant is intentionally not operator editable
crates/quant-pivot-research/src/policy_validation.rs:39	POLICY_PBO_BLOCKS	code	keep_algorithm_invariant	owning research contract module	policy_validation	Mathematical or serialization invariant is intentionally not operator editable
crates/quant-pivot-research/src/policy_validation.rs:40	POLICY_BOOTSTRAP_REPLICATIONS	code	keep_algorithm_invariant	owning research contract module	policy_validation	Mathematical or serialization invariant is intentionally not operator editable
crates/quant-pivot-research/src/policy_validation.rs:43	POLICY_PERFORMANCE_METHODOLOGY_VERSION	code	reset_boot_1	owning typed contract module	serializer, validator and lineage reader	System-owned contract version is reset to the first boot baseline because no production lineage exists
crates/quant-pivot-research/src/policy_validation.rs:685	NAMESPACE	code	keep_algorithm_invariant	owning research contract module	policy_validation	Mathematical or serialization invariant is intentionally not operator editable
crates/quant-pivot-research/src/portfolio/correlation.rs:557	A_MIDS	code	keep_algorithm_invariant	owning research contract module	correlation	Mathematical or serialization invariant is intentionally not operator editable
crates/quant-pivot-research/src/portfolio/correlation.rs:567	B_MIDS	code	keep_algorithm_invariant	owning research contract module	correlation	Mathematical or serialization invariant is intentionally not operator editable
crates/quant-pivot-research/src/portfolio/correlation.rs:577	C_MIDS	code	keep_algorithm_invariant	owning research contract module	correlation	Mathematical or serialization invariant is intentionally not operator editable
crates/quant-pivot-research/src/portfolio/lp.rs:63	TIE_BREAK_EPSILON	code	keep_algorithm_invariant	owning research contract module	lp	Mathematical or serialization invariant is intentionally not operator editable
crates/quant-pivot-research/src/portfolio/lp.rs:755	MILP	code	keep_algorithm_invariant	owning research contract module	lp	Mathematical or serialization invariant is intentionally not operator editable
crates/quant-pivot-research/src/portfolio/lp.rs:756	RELAX	code	keep_algorithm_invariant	owning research contract module	lp	Mathematical or serialization invariant is intentionally not operator editable
crates/quant-pivot-research/src/portfolio/planner.rs:56	BPS_PER_UNIT	code	keep_algorithm_invariant	owning research contract module	planner	Mathematical or serialization invariant is intentionally not operator editable
crates/quant-pivot-research/src/precision.rs:11	RESEARCH_DECIMAL_SCALE	code	keep_algorithm_invariant	owning research contract module	precision	Mathematical or serialization invariant is intentionally not operator editable
crates/quant-pivot-research/src/structural_volatility.rs:24	STRUCTURAL_VOLATILITY_OOS_VERSION	code	keep_algorithm_invariant	owning research contract module	structural_volatility	Mathematical or serialization invariant is intentionally not operator editable
crates/quant-pivot-research/src/structural_volatility.rs:25	MINIMUM_CONTRACT_OBSERVATIONS	code	keep_algorithm_invariant	owning research contract module	structural_volatility	Mathematical or serialization invariant is intentionally not operator editable
crates/quant-pivot-research/src/structural_volatility.rs:26	MINIMUM_TRAINING_OBSERVATIONS	code	keep_algorithm_invariant	owning research contract module	structural_volatility	Mathematical or serialization invariant is intentionally not operator editable
crates/quant-pivot-research/src/structural_volatility.rs:27	MINIMUM_OOS_FOLDS	code	migrate_immutable_profile	ResearchProfile, FeatureProfile or ScoringProfile artifact	training, replay or evaluation job	Research methodology must be frozen and content-addressed with each job
crates/quant-pivot-research/src/structural_volatility.rs:28	MINIMUM_OOS_FORECASTS	code	keep_algorithm_invariant	owning research contract module	structural_volatility	Mathematical or serialization invariant is intentionally not operator editable
crates/quant-pivot-research/src/training/labeler.rs:23	RETURN_TO_HORIZON	code	keep_algorithm_invariant	owning research contract module	labeler	Mathematical or serialization invariant is intentionally not operator editable
crates/quant-pivot-research/src/training/labeler.rs:25	MAX_FAVORABLE_EXCURSION_BPS	code	migrate_immutable_profile	ResearchProfile, FeatureProfile or ScoringProfile artifact	training, replay or evaluation job	Research methodology must be frozen and content-addressed with each job
crates/quant-pivot-research/src/training/labeler.rs:28	MAX_ADVERSE_EXCURSION_BPS	code	migrate_immutable_profile	ResearchProfile, FeatureProfile or ScoringProfile artifact	training, replay or evaluation job	Research methodology must be frozen and content-addressed with each job
crates/quant-pivot-research/src/training/labeler.rs:31	LIQUIDITY_EXIT_POSSIBLE	code	keep_algorithm_invariant	owning research contract module	labeler	Mathematical or serialization invariant is intentionally not operator editable
crates/quant-pivot-research/src/training/labeler.rs:33	SETTLEMENT_OUTCOME	code	keep_algorithm_invariant	owning research contract module	labeler	Mathematical or serialization invariant is intentionally not operator editable
crates/quant-pivot-research/src/training/labeler.rs:34	POLICY_NET_RETURN_BPS	code	migrate_immutable_profile	ResearchProfile, FeatureProfile or ScoringProfile artifact	training, replay or evaluation job	Research methodology must be frozen and content-addressed with each job
crates/quant-pivot-research/src/training/labeler.rs:35	POLICY_NET_POSITIVE	code	keep_algorithm_invariant	owning research contract module	labeler	Mathematical or serialization invariant is intentionally not operator editable
crates/quant-pivot-research/src/training/labeler.rs:36	POLICY_ENTRY_FILL_RATIO	code	migrate_immutable_profile	ResearchProfile, FeatureProfile or ScoringProfile artifact	training, replay or evaluation job	Research methodology must be frozen and content-addressed with each job
crates/quant-pivot-research/src/training/labeler.rs:37	POLICY_EXIT_FILL_RATIO	code	migrate_immutable_profile	ResearchProfile, FeatureProfile or ScoringProfile artifact	training, replay or evaluation job	Research methodology must be frozen and content-addressed with each job
crates/quant-pivot-research/src/training/labeler.rs:40	HOLD_VS_EXIT_ALPHA_BPS	code	migrate_immutable_profile	ResearchProfile, FeatureProfile or ScoringProfile artifact	training, replay or evaluation job	Research methodology must be frozen and content-addressed with each job
crates/quant-pivot-research/src/training/labeler.rs:41	REALIZED_RETURN_BPS	code	migrate_immutable_profile	ResearchProfile, FeatureProfile or ScoringProfile artifact	training, replay or evaluation job	Research methodology must be frozen and content-addressed with each job
crates/quant-pivot-research/src/training/labeler.rs:42	REALIZED_PNL_USD	code	keep_algorithm_invariant	owning research contract module	labeler	Mathematical or serialization invariant is intentionally not operator editable
crates/quant-pivot-research/src/training/labeler.rs:43	ENTRY_FILLED	code	keep_algorithm_invariant	owning research contract module	labeler	Mathematical or serialization invariant is intentionally not operator editable
crates/quant-pivot-research/src/training/labeler.rs:44	ENTRY_SLIPPAGE_BPS	code	migrate_immutable_profile	ResearchProfile, FeatureProfile or ScoringProfile artifact	training, replay or evaluation job	Research methodology must be frozen and content-addressed with each job
crates/quant-pivot-research/src/training/labeler.rs:45	MISSED_RETURN_BPS	code	migrate_immutable_profile	ResearchProfile, FeatureProfile or ScoringProfile artifact	training, replay or evaluation job	Research methodology must be frozen and content-addressed with each job
crates/quant-pivot-research/src/training/labeler.rs:46	RECOMMENDATION_OUTCOME	code	keep_algorithm_invariant	owning research contract module	labeler	Mathematical or serialization invariant is intentionally not operator editable
crates/quant-pivot-research/src/training/matrix.rs:37	TRANSFORM_DECIMAL_SCALE	code	keep_algorithm_invariant	owning research contract module	matrix	Mathematical or serialization invariant is intentionally not operator editable
crates/quant-pivot-research/src/training/parquet.rs:21	MANIFEST_ROW	code	keep_algorithm_invariant	owning research contract module	parquet	Mathematical or serialization invariant is intentionally not operator editable
crates/quant-pivot-research/src/training/parquet.rs:22	EXAMPLE_ROW	code	keep_algorithm_invariant	owning research contract module	parquet	Mathematical or serialization invariant is intentionally not operator editable
crates/quant-pivot-research/src/validation/dsr.rs:291	MAX_EXACT_F64_INTEGER	code	migrate_immutable_profile	ResearchProfile, FeatureProfile or ScoringProfile artifact	training, replay or evaluation job	Research methodology must be frozen and content-addressed with each job
crates/quant-pivot-research/src/validation/dsr.rs:35	EULER_MASCHERONI	code	keep_algorithm_invariant	owning research contract module	dsr	Mathematical or serialization invariant is intentionally not operator editable
crates/quant-pivot-research/src/weather_proxy_validation.rs:21	WEATHER_PROXY_VALIDATION_VERSION	code	keep_algorithm_invariant	owning research contract module	weather_proxy_validation	Mathematical or serialization invariant is intentionally not operator editable
crates/quant-pivot-storage/src/cache/redis_connect.rs:24	CREATE_TIMEOUT	code	centralize_operational_constant	owning worker contract or Deploy resource budget	redis_connect	Operational constant must have one named owner; environment-sensitive values move to Deploy Config
crates/quant-pivot-storage/src/cache/redis_connect.rs:27	RECYCLE_TIMEOUT	code	centralize_operational_constant	owning worker contract or Deploy resource budget	redis_connect	Operational constant must have one named owner; environment-sensitive values move to Deploy Config
crates/quant-pivot-storage/src/cache/redis_connect.rs:30	READINESS_RETRY	code	keep_code_constant	owning typed contract module	redis_connect	Stable mathematical, lexical or defensive invariant is not a business configuration
crates/quant-pivot-storage/src/clickhouse/ensure.rs:12	MAINTENANCE_DATABASE	code	keep_code_constant	owning typed contract module	ensure	Stable mathematical, lexical or defensive invariant is not a business configuration
crates/quant-pivot-storage/src/clickhouse/migration.rs:17	MIGRATION_TABLE	code	keep_code_constant	owning adapter contract module	migration	Stable identifier or protocol spelling is not an operator-tunable value
crates/quant-pivot-storage/src/clickhouse/migration.rs:18	MIGRATION_CLAIM_PREFIX	code	keep_code_constant	owning typed contract module	migration	Stable mathematical, lexical or defensive invariant is not a business configuration
crates/quant-pivot-storage/src/clickhouse/migration.rs:19	DEPLOYMENT_LOCK_TABLE	code	keep_code_constant	owning adapter contract module	migration	Stable identifier or protocol spelling is not an operator-tunable value
crates/quant-pivot-storage/src/clickhouse/migration.rs:20	SCHEMA_MANIFEST_FORMAT_VERSION	code	reset_boot_1	owning typed contract module	serializer, validator and lineage reader	System-owned contract version is reset to the first boot baseline because no production lineage exists
crates/quant-pivot-storage/src/clickhouse/migration.rs:21	EXPECTED_SCHEMA_MANIFEST	code	keep_code_constant	owning typed contract module	migration	Stable mathematical, lexical or defensive invariant is not a business configuration
crates/quant-pivot-storage/src/clickhouse/migration.rs:22	MIGRATION_TABLE_DDL	code	keep_code_constant	owning typed contract module	migration	Stable mathematical, lexical or defensive invariant is not a business configuration
crates/quant-pivot-storage/src/clickhouse/migration.rs:989	SAFE_ADD_COLUMN	code	keep_code_constant	owning adapter contract module	migration	Stable identifier or protocol spelling is not an operator-tunable value
crates/quant-pivot-storage/src/clickhouse/migration.rs:990	UNSAFE_TTL	code	keep_code_constant	owning typed contract module	migration	Stable mathematical, lexical or defensive invariant is not a business configuration
crates/quant-pivot-storage/src/clickhouse/schema.rs:39	FORBIDDEN_SCHEMA_OBJECTS	code	keep_code_constant	owning typed contract module	schema	Stable mathematical, lexical or defensive invariant is not a business configuration
crates/quant-pivot-storage/src/clickhouse/schema.rs:7	BOOTSTRAP_SOURCES	code	keep_code_constant	owning typed contract module	schema	Stable mathematical, lexical or defensive invariant is not a business configuration
crates/quant-pivot-storage/src/clickhouse/schema.rs:9	REQUIRED_SCHEMA_OBJECTS	code	keep_code_constant	owning typed contract module	schema	Stable mathematical, lexical or defensive invariant is not a business configuration
crates/quant-pivot-storage/src/clickhouse/write_manager.rs:21	MAX_INSERT_ATTEMPTS	code	keep_code_constant	owning typed contract module	write_manager	Stable mathematical, lexical or defensive invariant is not a business configuration
crates/quant-pivot-storage/src/postgres/ensure.rs:14	MAINTENANCE_DATABASE	code	keep_code_constant	owning typed contract module	ensure	Stable mathematical, lexical or defensive invariant is not a business configuration
crates/quant-pivot-storage/src/postgres/migration/manifest.rs:10	INSPECT_SQL	code	keep_code_constant	owning typed contract module	manifest	Stable mathematical, lexical or defensive invariant is not a business configuration
crates/quant-pivot-storage/src/postgres/migration/manifest.rs:8	MANIFEST_JSON	code	keep_code_constant	owning typed contract module	manifest	Stable mathematical, lexical or defensive invariant is not a business configuration
crates/quant-pivot-storage/src/postgres/migration/mod.rs:16	MIGRATION_MANIFEST_JSON	code	keep_code_constant	owning typed contract module	mod	Stable mathematical, lexical or defensive invariant is not a business configuration
crates/quant-pivot-storage/src/write.rs:39	DROP_WARN_INTERVAL	code	centralize_operational_constant	owning worker contract or Deploy resource budget	write	Operational constant must have one named owner; environment-sensitive values move to Deploy Config
crates/quant-pivot-test-support/src/account.rs:24	STUB_FUNDER	code	keep_code_constant	owning typed contract module	account	Stable mathematical, lexical or defensive invariant is not a business configuration
crates/quant-pivot-test-support/src/bin/seed_ui_demo.rs:140	SETTLE_MARKET	code	keep_code_constant	owning typed contract module	seed_ui_demo	Stable mathematical, lexical or defensive invariant is not a business configuration
crates/quant-pivot-test-support/src/execution_pg_seed.rs:123	EXECUTION_NOTIONAL	code	keep_code_constant	owning typed contract module	execution_pg_seed	Stable mathematical, lexical or defensive invariant is not a business configuration
crates/quant-pivot-test-support/src/pg.rs:15	TEST_RUNTIME_ROLE	code	keep_code_constant	owning typed contract module	pg	Stable mathematical, lexical or defensive invariant is not a business configuration
crates/quant-pivot-test-support/src/pg.rs:20	POSTGRES_CONTAINER_CONCURRENCY	code	centralize_operational_constant	owning worker contract or Deploy resource budget	pg	Operational constant must have one named owner; environment-sensitive values move to Deploy Config
crates/quant-pivot-test-support/src/pg.rs:21	POSTGRES_CONTAINER_SLOTS	code	keep_code_constant	owning typed contract module	pg	Stable mathematical, lexical or defensive invariant is not a business configuration
crates/quant-pivot-test-support/src/report_pipeline_harness.rs:141	EVENT_ID	code	keep_code_constant	owning typed contract module	report_pipeline_harness	Stable mathematical, lexical or defensive invariant is not a business configuration
crates/quant-pivot-test-support/src/report_pipeline_harness.rs:142	MARKET_ID	code	keep_code_constant	owning typed contract module	report_pipeline_harness	Stable mathematical, lexical or defensive invariant is not a business configuration
crates/quant-pivot-test-support/src/report_pipeline_harness.rs:143	MARKET_ID_2	code	keep_code_constant	owning typed contract module	report_pipeline_harness	Stable mathematical, lexical or defensive invariant is not a business configuration
crates/quant-pivot-test-support/src/report_pipeline_harness.rs:144	YES_TOKEN	code	keep_code_constant	owning typed contract module	report_pipeline_harness	Stable mathematical, lexical or defensive invariant is not a business configuration
crates/quant-pivot-test-support/src/report_pipeline_harness.rs:145	NO_TOKEN	code	keep_code_constant	owning typed contract module	report_pipeline_harness	Stable mathematical, lexical or defensive invariant is not a business configuration
crates/quant-pivot-test-support/src/report_pipeline_harness.rs:146	YES_TOKEN_2	code	keep_code_constant	owning typed contract module	report_pipeline_harness	Stable mathematical, lexical or defensive invariant is not a business configuration
crates/quant-pivot-test-support/src/report_pipeline_harness.rs:147	NO_TOKEN_2	code	keep_code_constant	owning typed contract module	report_pipeline_harness	Stable mathematical, lexical or defensive invariant is not a business configuration
crates/quant-pivot-test-support/src/report_pipeline_harness.rs:148	STUB_FUNDER	code	keep_code_constant	owning typed contract module	report_pipeline_harness	Stable mathematical, lexical or defensive invariant is not a business configuration
crates/quant-pivot-test-support/src/report_pipeline_harness.rs:688	FIXTURE_MARKET_A	code	keep_code_constant	owning typed contract module	report_pipeline_harness	Stable mathematical, lexical or defensive invariant is not a business configuration
crates/quant-pivot-test-support/src/report_pipeline_harness.rs:689	FIXTURE_MARKET_B	code	keep_code_constant	owning typed contract module	report_pipeline_harness	Stable mathematical, lexical or defensive invariant is not a business configuration
crates/quant-pivot-test-support/src/report_pipeline_harness.rs:690	FIXTURE_EVENT	code	keep_code_constant	owning typed contract module	report_pipeline_harness	Stable mathematical, lexical or defensive invariant is not a business configuration
crates/quant-pivot-test-support/src/research_ui_seed.rs:55	RESEARCH_MARKER_SPEC	code	keep_code_constant	owning typed contract module	research_ui_seed	Stable mathematical, lexical or defensive invariant is not a business configuration
crates/quant-pivot-test-support/src/research_ui_seed.rs:56	PRIMARY_SPEC_NAME	code	keep_code_constant	owning typed contract module	research_ui_seed	Stable mathematical, lexical or defensive invariant is not a business configuration
crates/quant-pivot-test-support/src/trade_tape_fixtures.rs:24	WHALE_FIXTURE_PARTICIPANT_COUNT	code	keep_code_constant	owning typed contract module	trade_tape_fixtures	Stable mathematical, lexical or defensive invariant is not a business configuration
crates/quant-pivot-test-support/src/ui_demo_seed.rs:93	DEMO_TAG	code	keep_code_constant	owning adapter contract module	ui_demo_seed	Stable identifier or protocol spelling is not an operator-tunable value
crates/quant-pivot-test-support/src/ui_demo_seed.rs:94	SETTLE_MARKET	code	keep_code_constant	owning typed contract module	ui_demo_seed	Stable mathematical, lexical or defensive invariant is not a business configuration
crates/quant-pivot-test-support/src/ui_demo_seed.rs:95	SETTLE_EVENT	code	keep_code_constant	owning typed contract module	ui_demo_seed	Stable mathematical, lexical or defensive invariant is not a business configuration
crates/quant-pivot-test-support/src/ui_demo_seed.rs:96	SETTLE_YES	code	keep_code_constant	owning typed contract module	ui_demo_seed	Stable mathematical, lexical or defensive invariant is not a business configuration
crates/quant-pivot-test-support/src/ui_demo_seed.rs:97	SETTLE_NO	code	keep_code_constant	owning typed contract module	ui_demo_seed	Stable mathematical, lexical or defensive invariant is not a business configuration
crates/quant-pivot-test-support/src/ui_demo_seed.rs:9	DEMO_RUN_ID	code	keep_code_constant	owning typed contract module	ui_demo_seed	Stable mathematical, lexical or defensive invariant is not a business configuration
crates/quant-pivot-web/src/auth/casbin/checker.rs:25	SUPER_ADMIN_ROLE	code	keep_code_constant	owning typed contract module	checker	Stable mathematical, lexical or defensive invariant is not a business configuration
crates/quant-pivot-web/src/auth/casbin/model.rs:19	CASBIN_MODEL	code	keep_code_constant	owning typed contract module	model	Stable mathematical, lexical or defensive invariant is not a business configuration
crates/quant-pivot-web/src/jwt.rs:36	BLACKLIST_NAMESPACE	code	keep_code_constant	owning adapter contract module	jwt	Stable identifier or protocol spelling is not an operator-tunable value
crates/quant-pivot-web/src/jwt.rs:37	REFRESH_FAMILY_NAMESPACE	code	keep_code_constant	owning adapter contract module	jwt	Stable identifier or protocol spelling is not an operator-tunable value
crates/quant-pivot-web/src/jwt.rs:38	SUBJECT_SESSION_NAMESPACE	code	keep_code_constant	owning adapter contract module	jwt	Stable identifier or protocol spelling is not an operator-tunable value
crates/quant-pivot-web/src/jwt.rs:39	WS_TICKET_NAMESPACE	code	keep_code_constant	owning adapter contract module	jwt	Stable identifier or protocol spelling is not an operator-tunable value
crates/quant-pivot-web/src/jwt.rs:41	CREATE_REFRESH_FAMILY_LUA	code	keep_code_constant	owning typed contract module	jwt	Stable mathematical, lexical or defensive invariant is not a business configuration
crates/quant-pivot-web/src/jwt.rs:58	ROTATE_REFRESH_FAMILY_LUA	code	keep_code_constant	owning typed contract module	jwt	Stable mathematical, lexical or defensive invariant is not a business configuration
crates/quant-pivot-web/src/jwt.rs:754	TEST_KEY	code	keep_code_constant	owning typed contract module	jwt	Stable mathematical, lexical or defensive invariant is not a business configuration
crates/quant-pivot-web/src/jwt.rs:77	REVOKE_REFRESH_FAMILY_LUA	code	keep_code_constant	owning typed contract module	jwt	Stable mathematical, lexical or defensive invariant is not a business configuration
crates/quant-pivot-web/src/jwt.rs:85	REVOKE_SUBJECT_SESSIONS_LUA	code	keep_code_constant	owning typed contract module	jwt	Stable mathematical, lexical or defensive invariant is not a business configuration
crates/quant-pivot-web/src/jwt.rs:99	CLOCK_SKEW_LEEWAY_SECS	code	keep_code_constant	owning typed contract module	jwt	Stable mathematical, lexical or defensive invariant is not a business configuration
crates/quant-pivot-web/src/middleware/authz.rs:32	ACTING_ROLE_HEADER	code	keep_code_constant	owning adapter contract module	authz	Stable identifier or protocol spelling is not an operator-tunable value
crates/quant-pivot-web/src/middleware/request_id.rs:23	REQUEST_ID_HEADER	code	keep_code_constant	owning adapter contract module	request_id	Stable identifier or protocol spelling is not an operator-tunable value
crates/quant-pivot-web/src/routes/auth.rs:203	REFRESH_COOKIE_NAME	code	keep_code_constant	owning typed contract module	auth	Stable mathematical, lexical or defensive invariant is not a business configuration
crates/quant-pivot-web/src/routes/auth.rs:280	HASH	code	keep_code_constant	owning typed contract module	auth	Stable mathematical, lexical or defensive invariant is not a business configuration
crates/quant-pivot-web/src/routes/dashboard.rs:44	SECTION_TIMEOUT	code	centralize_operational_constant	owning worker contract or Deploy resource budget	dashboard	Operational constant must have one named owner; environment-sensitive values move to Deploy Config
crates/quant-pivot-web/src/routes/dashboard.rs:45	EQUITY_STALE_AFTER_SECS	code	keep_code_constant	owning typed contract module	dashboard	Stable mathematical, lexical or defensive invariant is not a business configuration
crates/quant-pivot-web/src/routes/dashboard.rs:46	RESEARCH_HISTORY_GATE_DAYS	code	keep_code_constant	owning typed contract module	dashboard	Stable mathematical, lexical or defensive invariant is not a business configuration
crates/quant-pivot-web/src/routes/factor_governance.rs:96	DEFAULT_COLLINEARITY_LOOKBACK_SECS	code	keep_code_constant	owning typed contract module	factor_governance	Stable mathematical, lexical or defensive invariant is not a business configuration
crates/quant-pivot-web/src/routes/markets.rs:174	MICROSTRUCTURE_TRADE_LIMIT	code	keep_code_constant	owning typed contract module	markets	Stable mathematical, lexical or defensive invariant is not a business configuration
crates/quant-pivot-web/src/routes/registry.rs:13	API_PREFIX	code	keep_code_constant	owning typed contract module	registry	Stable mathematical, lexical or defensive invariant is not a business configuration
crates/quant-pivot-web/src/routes/runtime_config.rs:66	DEFAULT_LIST_LIMIT	code	keep_code_constant	owning typed contract module	runtime_config	Stable mathematical, lexical or defensive invariant is not a business configuration
crates/quant-pivot-web/src/routes/runtime_config.rs:67	MAX_LIST_LIMIT	code	keep_code_constant	owning typed contract module	runtime_config	Stable mathematical, lexical or defensive invariant is not a business configuration
crates/quant-pivot-web/src/routes/runtime_config.rs:68	PREFLIGHT_TTL_MINUTES	code	keep_code_constant	owning typed contract module	runtime_config	Stable mathematical, lexical or defensive invariant is not a business configuration
crates/quant-pivot-web/src/routes/runtime_config.rs:69	POLICY_HASH_DOMAIN	code	keep_code_constant	owning adapter contract module	runtime_config	Stable identifier or protocol spelling is not an operator-tunable value
crates/quant-pivot-web/src/routes/version.rs:15	ACCEPT_API_VERSION	code	keep_code_constant	owning typed contract module	version	Stable mathematical, lexical or defensive invariant is not a business configuration
crates/quant-pivot-web/src/routes/version.rs:18	V1	code	keep_code_constant	owning typed contract module	version	Stable mathematical, lexical or defensive invariant is not a business configuration
crates/quant-pivot-web/src/ws/handler.rs:27	WS_TICKET_TTL_SECS	code	keep_code_constant	owning typed contract module	handler	Stable mathematical, lexical or defensive invariant is not a business configuration
crates/quant-pivot-web/src/ws/handler.rs:28	WS_TICKET_PROTOCOL_PREFIX	code	keep_code_constant	owning typed contract module	handler	Stable mathematical, lexical or defensive invariant is not a business configuration
crates/quant-pivot-web/src/ws/session.rs:24	HEARTBEAT_INTERVAL	code	centralize_operational_constant	owning worker contract or Deploy resource budget	session	Operational constant must have one named owner; environment-sensitive values move to Deploy Config
crates/quant-pivot-web/src/ws/session.rs:25	CLIENT_TIMEOUT	code	centralize_operational_constant	owning worker contract or Deploy resource budget	session	Operational constant must have one named owner; environment-sensitive values move to Deploy Config
crates/quant-pivot-web/src/ws/session.rs:26	OUTBOUND_CAPACITY	code	centralize_operational_constant	owning worker contract or Deploy resource budget	session	Operational constant must have one named owner; environment-sensitive values move to Deploy Config
crates/quant-pivot-xtask/src/main.rs:104	NETWORK_SUITES	code	keep_code_constant	owning typed contract module	main	Stable mathematical, lexical or defensive invariant is not a business configuration
crates/quant-pivot-xtask/src/main.rs:109	UI_E2E_SERVER_TEST	code	keep_code_constant	owning typed contract module	main	Stable mathematical, lexical or defensive invariant is not a business configuration
crates/quant-pivot-xtask/src/main.rs:58	BOOTSTRAP_ADMIN_PASSWORD_FILE_ENV	code	keep_code_constant	owning adapter contract module	main	Stable identifier or protocol spelling is not an operator-tunable value
crates/quant-pivot-xtask/src/main.rs:60	DOCKER_SUITES	code	keep_code_constant	owning typed contract module	main	Stable mathematical, lexical or defensive invariant is not a business configuration
crates/quant-pivot-xtask/src/main.rs:778	MINIMUM	code	keep_code_constant	owning typed contract module	main	Stable mathematical, lexical or defensive invariant is not a business configuration
crates/quant-pivot-xtask/src/main.rs:779	QUANTUM	code	keep_code_constant	owning typed contract module	main	Stable mathematical, lexical or defensive invariant is not a business configuration
crates/quant-pivot-xtask/src/main.rs:888	DOCKER_IGNORE_MARKER	code	keep_code_constant	owning typed contract module	main	Stable mathematical, lexical or defensive invariant is not a business configuration
