path	current_owner	disposition	new_owner	consumer	apply_boundary	validator	secret_classification	reason
execution_authorization.auto_execution.enabled	runtime_config	keep_runtime	ExecutionAuthorization	runtime-mode admission and authorization gate	next admission after mode preflight	credential, capability and funds-impact preflight	none	Execution authority is a governed operator decision rather than a deployment knob
execution_authorization.auto_execution.max_orders_per_report	runtime_config	keep_runtime	ExecutionAuthorization	runtime-mode admission and authorization gate	next admission after mode preflight	credential, capability and funds-impact preflight	none	Execution authority is a governed operator decision rather than a deployment knob
execution_authorization.auto_execution.max_total_usd_per_report	runtime_config	keep_runtime	ExecutionAuthorization	runtime-mode admission and authorization gate	next admission after mode preflight	credential, capability and funds-impact preflight	none	Execution authority is a governed operator decision rather than a deployment knob
execution_authorization.auto_execution.min_confidence	runtime_config	keep_runtime	ExecutionAuthorization	runtime-mode admission and authorization gate	next admission after mode preflight	credential, capability and funds-impact preflight	none	Execution authority is a governed operator decision rather than a deployment knob
execution_authorization.auto_execution.min_score	runtime_config	keep_runtime	ExecutionAuthorization	runtime-mode admission and authorization gate	next admission after mode preflight	credential, capability and funds-impact preflight	none	Execution authority is a governed operator decision rather than a deployment knob
execution_authorization.schema_version	runtime_config	keep_runtime	ExecutionAuthorization	runtime-mode admission and authorization gate	next admission after mode preflight	credential, capability and funds-impact preflight	none	Execution authority is a governed operator decision rather than a deployment knob
execution_authorization.semi_auto.approval_ttl_secs	runtime_config	keep_runtime	ExecutionAuthorization	runtime-mode admission and authorization gate	next admission after mode preflight	credential, capability and funds-impact preflight	none	Execution authority is a governed operator decision rather than a deployment knob
execution_authorization.semi_auto.canary.allowed_cash_budget_tiers_usd[]	runtime_config	keep_runtime	ExecutionAuthorization	runtime-mode admission and authorization gate	next admission after mode preflight	credential, capability and funds-impact preflight	none	Execution authority is a governed operator decision rather than a deployment knob
execution_authorization.semi_auto.canary.enabled	runtime_config	keep_runtime	ExecutionAuthorization	runtime-mode admission and authorization gate	next admission after mode preflight	credential, capability and funds-impact preflight	none	Execution authority is a governed operator decision rather than a deployment knob
execution_authorization.semi_auto.canary.expires_at	runtime_config	keep_runtime	ExecutionAuthorization	runtime-mode admission and authorization gate	next admission after mode preflight	credential, capability and funds-impact preflight	none	Execution authority is a governed operator decision rather than a deployment knob
execution_authorization.semi_auto.canary.max_open_intents	runtime_config	keep_runtime	ExecutionAuthorization	runtime-mode admission and authorization gate	next admission after mode preflight	credential, capability and funds-impact preflight	none	Execution authority is a governed operator decision rather than a deployment knob
execution_authorization.semi_auto.canary.max_total_cash_per_report	runtime_config	keep_runtime	ExecutionAuthorization	runtime-mode admission and authorization gate	next admission after mode preflight	credential, capability and funds-impact preflight	none	Execution authority is a governed operator decision rather than a deployment knob
execution_authorization.semi_auto.canary.policy_artifact_id	runtime_config	keep_runtime	ExecutionAuthorization	runtime-mode admission and authorization gate	next admission after mode preflight	credential, capability and funds-impact preflight	none	Execution authority is a governed operator decision rather than a deployment knob
execution_authorization.semi_auto.canary.policy_content_hash	runtime_config	keep_runtime	ExecutionAuthorization	runtime-mode admission and authorization gate	next admission after mode preflight	credential, capability and funds-impact preflight	none	Execution authority is a governed operator decision rather than a deployment knob
execution_risk.breaker.cooldown_secs	runtime_config	keep_runtime	ExecutionRiskPolicy	portfolio planner, admission gate, execution workers	new OrderIntent or admission decision	typed risk validator and execution preflight	none	Changes capital or execution decisions and must be frozen at a money-impacting decision boundary
execution_risk.breaker.daily_realized_loss_cap_usd	runtime_config	keep_runtime	ExecutionRiskPolicy	portfolio planner, admission gate, execution workers	new OrderIntent or admission decision	typed risk validator and execution preflight	none	Changes capital or execution decisions and must be frozen at a money-impacting decision boundary
execution_risk.breaker.venue_consecutive_failures_to_degrade	runtime_config	keep_runtime	ExecutionRiskPolicy	portfolio planner, admission gate, execution workers	new OrderIntent or admission decision	typed risk validator and execution preflight	none	Changes capital or execution decisions and must be frozen at a money-impacting decision boundary
execution_risk.breaker.venue_consecutive_failures_to_halt	runtime_config	keep_runtime	ExecutionRiskPolicy	portfolio planner, admission gate, execution workers	new OrderIntent or admission decision	typed risk validator and execution preflight	none	Changes capital or execution decisions and must be frozen at a money-impacting decision boundary
execution_risk.breaker.venue_error_rate_bps_to_halt	runtime_config	keep_runtime	ExecutionRiskPolicy	portfolio planner, admission gate, execution workers	new OrderIntent or admission decision	typed risk validator and execution preflight	none	Changes capital or execution decisions and must be frozen at a money-impacting decision boundary
execution_risk.breaker.venue_min_window_samples	runtime_config	keep_runtime	ExecutionRiskPolicy	portfolio planner, admission gate, execution workers	new OrderIntent or admission decision	typed risk validator and execution preflight	none	Changes capital or execution decisions and must be frozen at a money-impacting decision boundary
execution_risk.breaker.venue_window_secs	runtime_config	keep_runtime	ExecutionRiskPolicy	portfolio planner, admission gate, execution workers	new OrderIntent or admission decision	typed risk validator and execution preflight	none	Changes capital or execution decisions and must be frozen at a money-impacting decision boundary
execution_risk.capital.max_open_intents	runtime_config	keep_runtime	ExecutionRiskPolicy	portfolio planner, admission gate, execution workers	new OrderIntent or admission decision	typed risk validator and execution preflight	none	Changes capital or execution decisions and must be frozen at a money-impacting decision boundary
execution_risk.capital.max_reserved_usd	runtime_config	keep_runtime	ExecutionRiskPolicy	portfolio planner, admission gate, execution workers	new OrderIntent or admission decision	typed risk validator and execution preflight	none	Changes capital or execution decisions and must be frozen at a money-impacting decision boundary
execution_risk.entry_order_policy.max_slippage_bps	runtime_config	keep_runtime	ExecutionRiskPolicy	portfolio planner, admission gate, execution workers	new OrderIntent or admission decision	typed risk validator and execution preflight	none	Changes capital or execution decisions and must be frozen at a money-impacting decision boundary
execution_risk.entry_order_policy.min_entry_book_depth_usd	runtime_config	keep_runtime	ExecutionRiskPolicy	portfolio planner, admission gate, execution workers	new OrderIntent or admission decision	typed risk validator and execution preflight	none	Changes capital or execution decisions and must be frozen at a money-impacting decision boundary
execution_risk.exit_monitor.enabled	runtime_config	keep_runtime	ExecutionRiskPolicy	portfolio planner, admission gate, execution workers	new OrderIntent or admission decision	typed risk validator and execution preflight	none	Changes capital or execution decisions and must be frozen at a money-impacting decision boundary
execution_risk.exit_monitor.monitor_secs	runtime_config	keep_runtime	ExecutionRiskPolicy	portfolio planner, admission gate, execution workers	new OrderIntent or admission decision	typed risk validator and execution preflight	none	Changes capital or execution decisions and must be frozen at a money-impacting decision boundary
execution_risk.exit_monitor.opportunistic_sell.enabled	runtime_config	keep_runtime	ExecutionRiskPolicy	portfolio planner, admission gate, execution workers	new OrderIntent or admission decision	typed risk validator and execution preflight	none	Changes capital or execution decisions and must be frozen at a money-impacting decision boundary
execution_risk.exit_monitor.opportunistic_sell.shadow_mode	runtime_config	keep_runtime	ExecutionRiskPolicy	portfolio planner, admission gate, execution workers	new OrderIntent or admission decision	typed risk validator and execution preflight	none	Changes capital or execution decisions and must be frozen at a money-impacting decision boundary
execution_risk.exit_monitor.signal_recheck_secs	runtime_config	keep_runtime	ExecutionRiskPolicy	portfolio planner, admission gate, execution workers	new OrderIntent or admission decision	typed risk validator and execution preflight	none	Changes capital or execution decisions and must be frozen at a money-impacting decision boundary
execution_risk.exit_monitor.signal_reinference.enabled	runtime_config	keep_runtime	ExecutionRiskPolicy	portfolio planner, admission gate, execution workers	new OrderIntent or admission decision	typed risk validator and execution preflight	none	Changes capital or execution decisions and must be frozen at a money-impacting decision boundary
execution_risk.exit_monitor.signal_reinference.shadow_mode	runtime_config	keep_runtime	ExecutionRiskPolicy	portfolio planner, admission gate, execution workers	new OrderIntent or admission decision	typed risk validator and execution preflight	none	Changes capital or execution decisions and must be frozen at a money-impacting decision boundary
execution_risk.portfolio.budget.max_single_recommendation_usd	runtime_config	keep_runtime	ExecutionRiskPolicy	portfolio planner, admission gate, execution workers	new OrderIntent or admission decision	typed risk validator and execution preflight	none	Changes capital or execution decisions and must be frozen at a money-impacting decision boundary
execution_risk.portfolio.budget.min_recommendation_usd	runtime_config	keep_runtime	ExecutionRiskPolicy	portfolio planner, admission gate, execution workers	new OrderIntent or admission decision	typed risk validator and execution preflight	none	Changes capital or execution decisions and must be frozen at a money-impacting decision boundary
execution_risk.portfolio.budget.total_budget_usd	runtime_config	keep_runtime	ExecutionRiskPolicy	portfolio planner, admission gate, execution workers	new OrderIntent or admission decision	typed risk validator and execution preflight	none	Changes capital or execution decisions and must be frozen at a money-impacting decision boundary
execution_risk.portfolio.constraints.correlation.cluster_threshold	runtime_config	keep_runtime	ExecutionRiskPolicy	portfolio planner, admission gate, execution workers	new OrderIntent or admission decision	typed risk validator and execution preflight	none	Changes capital or execution decisions and must be frozen at a money-impacting decision boundary
execution_risk.portfolio.constraints.correlation.enabled	runtime_config	keep_runtime	ExecutionRiskPolicy	portfolio planner, admission gate, execution workers	new OrderIntent or admission decision	typed risk validator and execution preflight	none	Changes capital or execution decisions and must be frozen at a money-impacting decision boundary
execution_risk.portfolio.constraints.correlation.lookback_days	runtime_config	keep_runtime	ExecutionRiskPolicy	portfolio planner, admission gate, execution workers	new OrderIntent or admission decision	typed risk validator and execution preflight	none	Changes capital or execution decisions and must be frozen at a money-impacting decision boundary
execution_risk.portfolio.constraints.correlation.min_observations	runtime_config	keep_runtime	ExecutionRiskPolicy	portfolio planner, admission gate, execution workers	new OrderIntent or admission decision	typed risk validator and execution preflight	none	Changes capital or execution decisions and must be frozen at a money-impacting decision boundary
execution_risk.portfolio.constraints.liquidity_usage_cap_pct	runtime_config	keep_runtime	ExecutionRiskPolicy	portfolio planner, admission gate, execution workers	new OrderIntent or admission decision	typed risk validator and execution preflight	none	Changes capital or execution decisions and must be frozen at a money-impacting decision boundary
execution_risk.portfolio.constraints.max_category_exposure_usd	runtime_config	keep_runtime	ExecutionRiskPolicy	portfolio planner, admission gate, execution workers	new OrderIntent or admission decision	typed risk validator and execution preflight	none	Changes capital or execution decisions and must be frozen at a money-impacting decision boundary
execution_risk.portfolio.constraints.max_correlated_exposure_usd	runtime_config	keep_runtime	ExecutionRiskPolicy	portfolio planner, admission gate, execution workers	new OrderIntent or admission decision	typed risk validator and execution preflight	none	Changes capital or execution decisions and must be frozen at a money-impacting decision boundary
execution_risk.portfolio.constraints.max_event_exposure_usd	runtime_config	keep_runtime	ExecutionRiskPolicy	portfolio planner, admission gate, execution workers	new OrderIntent or admission decision	typed risk validator and execution preflight	none	Changes capital or execution decisions and must be frozen at a money-impacting decision boundary
execution_risk.portfolio.constraints.max_market_exposure_usd	runtime_config	keep_runtime	ExecutionRiskPolicy	portfolio planner, admission gate, execution workers	new OrderIntent or admission decision	typed risk validator and execution preflight	none	Changes capital or execution decisions and must be frozen at a money-impacting decision boundary
execution_risk.portfolio.kelly_safety.binding_materiality_threshold	runtime_config	keep_runtime	ExecutionRiskPolicy	portfolio planner, admission gate, execution workers	new OrderIntent or admission decision	typed risk validator and execution preflight	none	Changes capital or execution decisions and must be frozen at a money-impacting decision boundary
execution_risk.portfolio.kelly_safety.edge_uncertainty_floor	runtime_config	keep_runtime	ExecutionRiskPolicy	portfolio planner, admission gate, execution workers	new OrderIntent or admission decision	typed risk validator and execution preflight	none	Changes capital or execution decisions and must be frozen at a money-impacting decision boundary
execution_risk.portfolio.kelly_safety.edge_uncertainty_k	runtime_config	keep_runtime	ExecutionRiskPolicy	portfolio planner, admission gate, execution workers	new OrderIntent or admission decision	typed risk validator and execution preflight	none	Changes capital or execution decisions and must be frozen at a money-impacting decision boundary
execution_risk.portfolio.kelly_safety.max_aggregate_exposure_pct	runtime_config	keep_runtime	ExecutionRiskPolicy	portfolio planner, admission gate, execution workers	new OrderIntent or admission decision	typed risk validator and execution preflight	none	Changes capital or execution decisions and must be frozen at a money-impacting decision boundary
execution_risk.portfolio.optimizer.integer_inclusion	runtime_config	keep_runtime	ExecutionRiskPolicy	portfolio planner, admission gate, execution workers	new OrderIntent or admission decision	typed risk validator and execution preflight	none	Changes capital or execution decisions and must be frozen at a money-impacting decision boundary
execution_risk.portfolio.optimizer.objective_return_weight	runtime_config	keep_runtime	ExecutionRiskPolicy	portfolio planner, admission gate, execution workers	new OrderIntent or admission decision	typed risk validator and execution preflight	none	Changes capital or execution decisions and must be frozen at a money-impacting decision boundary
execution_risk.portfolio.optimizer.solver	runtime_config	keep_runtime	ExecutionRiskPolicy	portfolio planner, admission gate, execution workers	new OrderIntent or admission decision	typed risk validator and execution preflight	none	Changes capital or execution decisions and must be frozen at a money-impacting decision boundary
execution_risk.portfolio.sizing.confidence_weighting	runtime_config	keep_runtime	ExecutionRiskPolicy	portfolio planner, admission gate, execution workers	new OrderIntent or admission decision	typed risk validator and execution preflight	none	Changes capital or execution decisions and must be frozen at a money-impacting decision boundary
execution_risk.portfolio.sizing.drawdown_scaling	runtime_config	keep_runtime	ExecutionRiskPolicy	portfolio planner, admission gate, execution workers	new OrderIntent or admission decision	typed risk validator and execution preflight	none	Changes capital or execution decisions and must be frozen at a money-impacting decision boundary
execution_risk.portfolio.sizing.kelly_fraction	runtime_config	keep_runtime	ExecutionRiskPolicy	portfolio planner, admission gate, execution workers	new OrderIntent or admission decision	typed risk validator and execution preflight	none	Changes capital or execution decisions and must be frozen at a money-impacting decision boundary
execution_risk.portfolio.sizing.max_position_pct	runtime_config	keep_runtime	ExecutionRiskPolicy	portfolio planner, admission gate, execution workers	new OrderIntent or admission decision	typed risk validator and execution preflight	none	Changes capital or execution decisions and must be frozen at a money-impacting decision boundary
execution_risk.reconciliation.enabled	runtime_config	keep_runtime	ExecutionRiskPolicy	portfolio planner, admission gate, execution workers	new OrderIntent or admission decision	typed risk validator and execution preflight	none	Changes capital or execution decisions and must be frozen at a money-impacting decision boundary
execution_risk.reconciliation.interval_secs	runtime_config	keep_runtime	ExecutionRiskPolicy	portfolio planner, admission gate, execution workers	new OrderIntent or admission decision	typed risk validator and execution preflight	none	Changes capital or execution decisions and must be frozen at a money-impacting decision boundary
execution_risk.reconciliation.stale_open_secs	runtime_config	keep_runtime	ExecutionRiskPolicy	portfolio planner, admission gate, execution workers	new OrderIntent or admission decision	typed risk validator and execution preflight	none	Changes capital or execution decisions and must be frozen at a money-impacting decision boundary
execution_risk.schema_version	runtime_config	keep_runtime	ExecutionRiskPolicy	portfolio planner, admission gate, execution workers	new OrderIntent or admission decision	typed risk validator and execution preflight	none	Changes capital or execution decisions and must be frozen at a money-impacting decision boundary
execution_risk.settlement_redeem.allow_during_emergency	runtime_config	keep_runtime	ExecutionRiskPolicy	portfolio planner, admission gate, execution workers	new OrderIntent or admission decision	typed risk validator and execution preflight	none	Changes capital or execution decisions and must be frozen at a money-impacting decision boundary
execution_risk.settlement_redeem.batch_size	runtime_config	keep_runtime	ExecutionRiskPolicy	portfolio planner, admission gate, execution workers	new OrderIntent or admission decision	typed risk validator and execution preflight	none	Changes capital or execution decisions and must be frozen at a money-impacting decision boundary
execution_risk.settlement_redeem.confirmation_blocks	runtime_config	keep_runtime	ExecutionRiskPolicy	portfolio planner, admission gate, execution workers	new OrderIntent or admission decision	typed risk validator and execution preflight	none	Changes capital or execution decisions and must be frozen at a money-impacting decision boundary
execution_risk.settlement_redeem.enabled	runtime_config	keep_runtime	ExecutionRiskPolicy	portfolio planner, admission gate, execution workers	new OrderIntent or admission decision	typed risk validator and execution preflight	none	Changes capital or execution decisions and must be frozen at a money-impacting decision boundary
execution_risk.settlement_redeem.interval_secs	runtime_config	keep_runtime	ExecutionRiskPolicy	portfolio planner, admission gate, execution workers	new OrderIntent or admission decision	typed risk validator and execution preflight	none	Changes capital or execution decisions and must be frozen at a money-impacting decision boundary
execution_risk.settlement_redeem.max_attempts	runtime_config	keep_runtime	ExecutionRiskPolicy	portfolio planner, admission gate, execution workers	new OrderIntent or admission decision	typed risk validator and execution preflight	none	Changes capital or execution decisions and must be frozen at a money-impacting decision boundary
execution_risk.settlement_redeem.retry_backoff_secs	runtime_config	keep_runtime	ExecutionRiskPolicy	portfolio planner, admission gate, execution workers	new OrderIntent or admission decision	typed risk validator and execution preflight	none	Changes capital or execution decisions and must be frozen at a money-impacting decision boundary
model_routing.model.active_exit_model_version_id	runtime_config	keep_runtime	ModelRouting	model router and category pointer guard	new report or model evaluation run	artifact existence, status, scope and content-hash preflight	none	Serving artifact selection is operational routing, not research methodology
model_routing.model.active_model_version_id	runtime_config	keep_runtime	ModelRouting	model router and category pointer guard	new report or model evaluation run	artifact existence, status, scope and content-hash preflight	none	Serving artifact selection is operational routing, not research methodology
model_routing.model.calibration.ci_confidence	runtime_config	keep_runtime	ModelRouting	model router and category pointer guard	new report or model evaluation run	artifact existence, status, scope and content-hash preflight	none	Serving artifact selection is operational routing, not research methodology
model_routing.model.calibration.embargo_secs	runtime_config	keep_runtime	ModelRouting	model router and category pointer guard	new report or model evaluation run	artifact existence, status, scope and content-hash preflight	none	Serving artifact selection is operational routing, not research methodology
model_routing.model.calibration.method	runtime_config	keep_runtime	ModelRouting	model router and category pointer guard	new report or model evaluation run	artifact existence, status, scope and content-hash preflight	none	Serving artifact selection is operational routing, not research methodology
model_routing.model.calibration.min_samples_isotonic	runtime_config	keep_runtime	ModelRouting	model router and category pointer guard	new report or model evaluation run	artifact existence, status, scope and content-hash preflight	none	Serving artifact selection is operational routing, not research methodology
model_routing.model.candidate_score_floor	runtime_config	keep_runtime	ModelRouting	model router and category pointer guard	new report or model evaluation run	artifact existence, status, scope and content-hash preflight	none	Serving artifact selection is operational routing, not research methodology
model_routing.model.min_model_confidence	runtime_config	keep_runtime	ModelRouting	model router and category pointer guard	new report or model evaluation run	artifact existence, status, scope and content-hash preflight	none	Serving artifact selection is operational routing, not research methodology
model_routing.model.min_quality_gate_age_secs	runtime_config	keep_runtime	ModelRouting	model router and category pointer guard	new report or model evaluation run	artifact existence, status, scope and content-hash preflight	none	Serving artifact selection is operational routing, not research methodology
model_routing.model.shadow_diff_threshold	runtime_config	keep_runtime	ModelRouting	model router and category pointer guard	new report or model evaluation run	artifact existence, status, scope and content-hash preflight	none	Serving artifact selection is operational routing, not research methodology
model_routing.model.shadow_model_version_id	runtime_config	keep_runtime	ModelRouting	model router and category pointer guard	new report or model evaluation run	artifact existence, status, scope and content-hash preflight	none	Serving artifact selection is operational routing, not research methodology
model_routing.schema_version	runtime_config	keep_runtime	ModelRouting	model router and category pointer guard	new report or model evaluation run	artifact existence, status, scope and content-hash preflight	none	Serving artifact selection is operational routing, not research methodology
operational_control.attribution.batch_size	runtime_config	keep_runtime	OperationalControl	admission gates and notification router	next admission check	typed operational-control validator and consumer prepare	none	Immediate pause, halt and routing controls require atomic hot application
operational_control.attribution.enabled	runtime_config	keep_runtime	OperationalControl	admission gates and notification router	next admission check	typed operational-control validator and consumer prepare	none	Immediate pause, halt and routing controls require atomic hot application
operational_control.attribution.sweep_secs	runtime_config	keep_runtime	OperationalControl	admission gates and notification router	next admission check	typed operational-control validator and consumer prepare	none	Immediate pause, halt and routing controls require atomic hot application
operational_control.entry_condition.backstop_interval_ms	runtime_config	keep_runtime	OperationalControl	admission gates and notification router	next admission check	typed operational-control validator and consumer prepare	none	Immediate pause, halt and routing controls require atomic hot application
operational_control.entry_condition.expiry_batch_limit	runtime_config	keep_runtime	OperationalControl	admission gates and notification router	next admission check	typed operational-control validator and consumer prepare	none	Immediate pause, halt and routing controls require atomic hot application
operational_control.entry_condition.lease_duration_secs	runtime_config	keep_runtime	OperationalControl	admission gates and notification router	next admission check	typed operational-control validator and consumer prepare	none	Immediate pause, halt and routing controls require atomic hot application
operational_control.entry_condition.lease_renew_interval_secs	runtime_config	keep_runtime	OperationalControl	admission gates and notification router	next admission check	typed operational-control validator and consumer prepare	none	Immediate pause, halt and routing controls require atomic hot application
operational_control.entry_condition.next_evaluation_delay_ms	runtime_config	keep_runtime	OperationalControl	admission gates and notification router	next admission check	typed operational-control validator and consumer prepare	none	Immediate pause, halt and routing controls require atomic hot application
operational_control.entry_condition.pass_limit	runtime_config	keep_runtime	OperationalControl	admission gates and notification router	next admission check	typed operational-control validator and consumer prepare	none	Immediate pause, halt and routing controls require atomic hot application
operational_control.kill_switch.emergency_exit.kind	runtime_config	keep_runtime	OperationalControl	admission gates and notification router	next admission check	typed operational-control validator and consumer prepare	none	Immediate pause, halt and routing controls require atomic hot application
operational_control.kill_switch.emergency_exit.max_slippage_bps	runtime_config	keep_runtime	OperationalControl	admission gates and notification router	next admission check	typed operational-control validator and consumer prepare	none	Immediate pause, halt and routing controls require atomic hot application
operational_control.notifications.report_published	runtime_config	keep_runtime	OperationalControl	admission gates and notification router	next admission check	typed operational-control validator and consumer prepare	none	Immediate pause, halt and routing controls require atomic hot application
operational_control.schema_version	runtime_config	keep_runtime	OperationalControl	admission gates and notification router	next admission check	typed operational-control validator and consumer prepare	none	Immediate pause, halt and routing controls require atomic hot application
profile_artifacts.domain.definition.crypto.availability_lag_secs	runtime_config	migrate	DomainProfile artifact	domain feature and evidence pipelines	new job or artifact lineage	domain capability and evidence-contract validator	none	Domain semantics must be frozen with the run that consumed them
profile_artifacts.domain.definition.crypto.backfill_days	runtime_config	migrate	DomainProfile artifact	domain feature and evidence pipelines	new job or artifact lineage	domain capability and evidence-contract validator	none	Domain semantics must be frozen with the run that consumed them
profile_artifacts.domain.definition.crypto.cross_check.alert_cooldown_secs	runtime_config	migrate	DomainProfile artifact	domain feature and evidence pipelines	new job or artifact lineage	domain capability and evidence-contract validator	none	Domain semantics must be frozen with the run that consumed them
profile_artifacts.domain.definition.crypto.cross_check.max_basis_bps	runtime_config	migrate	DomainProfile artifact	domain feature and evidence pipelines	new job or artifact lineage	domain capability and evidence-contract validator	none	Domain semantics must be frozen with the run that consumed them
profile_artifacts.domain.definition.crypto.cross_check.max_oracle_staleness_secs	runtime_config	migrate	DomainProfile artifact	domain feature and evidence pipelines	new job or artifact lineage	domain capability and evidence-contract validator	none	Domain semantics must be frozen with the run that consumed them
profile_artifacts.domain.definition.crypto.momentum_window_secs	runtime_config	migrate	DomainProfile artifact	domain feature and evidence pipelines	new job or artifact lineage	domain capability and evidence-contract validator	none	Domain semantics must be frozen with the run that consumed them
profile_artifacts.domain.definition.crypto.volatility_window_secs	runtime_config	migrate	DomainProfile artifact	domain feature and evidence pipelines	new job or artifact lineage	domain capability and evidence-contract validator	none	Domain semantics must be frozen with the run that consumed them
profile_artifacts.domain.definition.enabled_by_family.crypto	runtime_config	migrate	DomainProfile artifact	domain feature and evidence pipelines	new job or artifact lineage	domain capability and evidence-contract validator	none	Domain semantics must be frozen with the run that consumed them
profile_artifacts.domain.definition.enabled_by_family.weather	runtime_config	migrate	DomainProfile artifact	domain feature and evidence pipelines	new job or artifact lineage	domain capability and evidence-contract validator	none	Domain semantics must be frozen with the run that consumed them
profile_artifacts.domain.definition.weather.availability_lag_secs	runtime_config	migrate	DomainProfile artifact	domain feature and evidence pipelines	new job or artifact lineage	domain capability and evidence-contract validator	none	Domain semantics must be frozen with the run that consumed them
profile_artifacts.domain.definition.weather.calibration_lookback_days	runtime_config	migrate	DomainProfile artifact	domain feature and evidence pipelines	new job or artifact lineage	domain capability and evidence-contract validator	none	Domain semantics must be frozen with the run that consumed them
profile_artifacts.domain.definition.weather.max_forecast_age_secs	runtime_config	migrate	DomainProfile artifact	domain feature and evidence pipelines	new job or artifact lineage	domain capability and evidence-contract validator	none	Domain semantics must be frozen with the run that consumed them
profile_artifacts.domain.definition.weather.minimum_bias_samples_per_lead	runtime_config	migrate	DomainProfile artifact	domain feature and evidence pipelines	new job or artifact lineage	domain capability and evidence-contract validator	none	Domain semantics must be frozen with the run that consumed them
profile_artifacts.domain.definition.weather.minimum_complete_members	runtime_config	migrate	DomainProfile artifact	domain feature and evidence pipelines	new job or artifact lineage	domain capability and evidence-contract validator	none	Domain semantics must be frozen with the run that consumed them
profile_artifacts.domain.schema_version	runtime_config	migrate	DomainProfile artifact	domain feature and evidence pipelines	new job or artifact lineage	domain capability and evidence-contract validator	none	Domain semantics must be frozen with the run that consumed them
profile_artifacts.features.definition.bar_windows_secs[]	runtime_config	migrate	FeatureProfile artifact	feature pipeline, training and replay	new job or artifact lineage	FeatureSchema builder and content-hash validation	none	Feature methodology must be immutable and reproducible rather than hot edited
profile_artifacts.features.definition.depth_levels[]	runtime_config	migrate	FeatureProfile artifact	feature pipeline, training and replay	new job or artifact lineage	FeatureSchema builder and content-hash validation	none	Feature methodology must be immutable and reproducible rather than hot edited
profile_artifacts.features.definition.enabled_feature_families[]	runtime_config	migrate	FeatureProfile artifact	feature pipeline, training and replay	new job or artifact lineage	FeatureSchema builder and content-hash validation	none	Feature methodology must be immutable and reproducible rather than hot edited
profile_artifacts.features.definition.feature_schema_version	runtime_config	migrate	FeatureProfile artifact	feature pipeline, training and replay	new job or artifact lineage	FeatureSchema builder and content-hash validation	none	Feature methodology must be immutable and reproducible rather than hot edited
profile_artifacts.features.definition.max_concurrent_market_resolves	runtime_config	migrate	FeatureProfile artifact	feature pipeline, training and replay	new job or artifact lineage	FeatureSchema builder and content-hash validation	none	Feature methodology must be immutable and reproducible rather than hot edited
profile_artifacts.features.definition.momentum.ema_fast_secs	runtime_config	migrate	FeatureProfile artifact	feature pipeline, training and replay	new job or artifact lineage	FeatureSchema builder and content-hash validation	none	Feature methodology must be immutable and reproducible rather than hot edited
profile_artifacts.features.definition.momentum.ema_slow_secs	runtime_config	migrate	FeatureProfile artifact	feature pipeline, training and replay	new job or artifact lineage	FeatureSchema builder and content-hash validation	none	Feature methodology must be immutable and reproducible rather than hot edited
profile_artifacts.features.definition.momentum.roc_lag_secs	runtime_config	migrate	FeatureProfile artifact	feature pipeline, training and replay	new job or artifact lineage	FeatureSchema builder and content-hash validation	none	Feature methodology must be immutable and reproducible rather than hot edited
profile_artifacts.features.definition.momentum.roc_windows_secs[]	runtime_config	migrate	FeatureProfile artifact	feature pipeline, training and replay	new job or artifact lineage	FeatureSchema builder and content-hash validation	none	Feature methodology must be immutable and reproducible rather than hot edited
profile_artifacts.features.definition.momentum.slope_windows_secs[]	runtime_config	migrate	FeatureProfile artifact	feature pipeline, training and replay	new job or artifact lineage	FeatureSchema builder and content-hash validation	none	Feature methodology must be immutable and reproducible rather than hot edited
profile_artifacts.features.definition.structural.book_churn_window_secs	runtime_config	migrate	FeatureProfile artifact	feature pipeline, training and replay	new job or artifact lineage	FeatureSchema builder and content-hash validation	none	Feature methodology must be immutable and reproducible rather than hot edited
profile_artifacts.features.definition.structural.shock_window_secs	runtime_config	migrate	FeatureProfile artifact	feature pipeline, training and replay	new job or artifact lineage	FeatureSchema builder and content-hash validation	none	Feature methodology must be immutable and reproducible rather than hot edited
profile_artifacts.features.definition.structural.trade_tape_min_coverage_ratio	runtime_config	migrate	FeatureProfile artifact	feature pipeline, training and replay	new job or artifact lineage	FeatureSchema builder and content-hash validation	none	Feature methodology must be immutable and reproducible rather than hot edited
profile_artifacts.features.definition.structural.trade_tape_min_notional_usd	runtime_config	migrate	FeatureProfile artifact	feature pipeline, training and replay	new job or artifact lineage	FeatureSchema builder and content-hash validation	none	Feature methodology must be immutable and reproducible rather than hot edited
profile_artifacts.features.definition.structural.trade_tape_min_unique_participants	runtime_config	migrate	FeatureProfile artifact	feature pipeline, training and replay	new job or artifact lineage	FeatureSchema builder and content-hash validation	none	Feature methodology must be immutable and reproducible rather than hot edited
profile_artifacts.features.definition.structural.trade_tape_window_secs	runtime_config	migrate	FeatureProfile artifact	feature pipeline, training and replay	new job or artifact lineage	FeatureSchema builder and content-hash validation	none	Feature methodology must be immutable and reproducible rather than hot edited
profile_artifacts.features.definition.volatility_windows_secs[]	runtime_config	migrate	FeatureProfile artifact	feature pipeline, training and replay	new job or artifact lineage	FeatureSchema builder and content-hash validation	none	Feature methodology must be immutable and reproducible rather than hot edited
profile_artifacts.features.schema_version	runtime_config	migrate	FeatureProfile artifact	feature pipeline, training and replay	new job or artifact lineage	FeatureSchema builder and content-hash validation	none	Feature methodology must be immutable and reproducible rather than hot edited
profile_artifacts.research_method.model_promotion.max_category_concentration	runtime_config	migrate	ModelEvaluationSpec artifact	model quality-gate workflow	promotion review creation	quality-gate evidence validator	none	Evaluation thresholds must be frozen with promotion evidence until ModelPromotionPolicy is implemented
profile_artifacts.research_method.model_promotion.max_drawdown	runtime_config	migrate	ModelEvaluationSpec artifact	model quality-gate workflow	promotion review creation	quality-gate evidence validator	none	Evaluation thresholds must be frozen with promotion evidence until ModelPromotionPolicy is implemented
profile_artifacts.research_method.model_promotion.min_label_coverage	runtime_config	migrate	ModelEvaluationSpec artifact	model quality-gate workflow	promotion review creation	quality-gate evidence validator	none	Evaluation thresholds must be frozen with promotion evidence until ModelPromotionPolicy is implemented
profile_artifacts.research_method.model_promotion.min_liquidity_exit_feasibility	runtime_config	migrate	ModelEvaluationSpec artifact	model quality-gate workflow	promotion review creation	quality-gate evidence validator	none	Evaluation thresholds must be frozen with promotion evidence until ModelPromotionPolicy is implemented
profile_artifacts.research_method.model_promotion.min_materialization_coverage	runtime_config	migrate	ModelEvaluationSpec artifact	model quality-gate workflow	promotion review creation	quality-gate evidence validator	none	Evaluation thresholds must be frozen with promotion evidence until ModelPromotionPolicy is implemented
profile_artifacts.research_method.model_promotion.min_sample_count	runtime_config	migrate	ModelEvaluationSpec artifact	model quality-gate workflow	promotion review creation	quality-gate evidence validator	none	Evaluation thresholds must be frozen with promotion evidence until ModelPromotionPolicy is implemented
profile_artifacts.research_method.model_promotion.min_shadow_overlap_stability	runtime_config	migrate	ModelEvaluationSpec artifact	model quality-gate workflow	promotion review creation	quality-gate evidence validator	none	Evaluation thresholds must be frozen with promotion evidence until ModelPromotionPolicy is implemented
profile_artifacts.research_method.model_promotion.required_shadow_window_secs	runtime_config	migrate	ModelEvaluationSpec artifact	model quality-gate workflow	promotion review creation	quality-gate evidence validator	none	Evaluation thresholds must be frozen with promotion evidence until ModelPromotionPolicy is implemented
profile_artifacts.research_method.model_promotion.sell.max_fallback_ratio	runtime_config	migrate	ModelEvaluationSpec artifact	model quality-gate workflow	promotion review creation	quality-gate evidence validator	none	Evaluation thresholds must be frozen with promotion evidence until ModelPromotionPolicy is implemented
profile_artifacts.research_method.model_promotion.sell.max_pbo	runtime_config	migrate	ModelEvaluationSpec artifact	model quality-gate workflow	promotion review creation	quality-gate evidence validator	none	Evaluation thresholds must be frozen with promotion evidence until ModelPromotionPolicy is implemented
profile_artifacts.research_method.model_promotion.sell.min_l2_book_fidelity_ratio	runtime_config	migrate	ModelEvaluationSpec artifact	model quality-gate workflow	promotion review creation	quality-gate evidence validator	none	Evaluation thresholds must be frozen with promotion evidence until ModelPromotionPolicy is implemented
profile_artifacts.research_method.model_promotion.sell.min_label_coverage	runtime_config	migrate	ModelEvaluationSpec artifact	model quality-gate workflow	promotion review creation	quality-gate evidence validator	none	Evaluation thresholds must be frozen with promotion evidence until ModelPromotionPolicy is implemented
profile_artifacts.research_method.model_promotion.sell.min_sample_count	runtime_config	migrate	ModelEvaluationSpec artifact	model quality-gate workflow	promotion review creation	quality-gate evidence validator	none	Evaluation thresholds must be frozen with promotion evidence until ModelPromotionPolicy is implemented
profile_artifacts.research_method.model_promotion.sell.rank_ic_min	runtime_config	migrate	ModelEvaluationSpec artifact	model quality-gate workflow	promotion review creation	quality-gate evidence validator	none	Evaluation thresholds must be frozen with promotion evidence until ModelPromotionPolicy is implemented
profile_artifacts.research_method.research.policy_validation.max_candidates_per_experiment	runtime_config	migrate	ResearchMethodProfile artifact	CPCV, PBO, backtest and policy-fit jobs	job enqueue	research-methodology validator and content hash	none	Research methodology must be reproducible and cannot change under a running experiment
profile_artifacts.research_method.research.policy_validation.min_latency_profile_secs	runtime_config	migrate	ResearchMethodProfile artifact	CPCV, PBO, backtest and policy-fit jobs	job enqueue	research-methodology validator and content hash	none	Research methodology must be reproducible and cannot change under a running experiment
profile_artifacts.research_method.research.training.lambda_l2	runtime_config	migrate	ResearchMethodProfile artifact	CPCV, PBO, backtest and policy-fit jobs	job enqueue	research-methodology validator and content hash	none	Research methodology must be reproducible and cannot change under a running experiment
profile_artifacts.research_method.research.training.lambda_tail	runtime_config	migrate	ResearchMethodProfile artifact	CPCV, PBO, backtest and policy-fit jobs	job enqueue	research-methodology validator and content hash	none	Research methodology must be reproducible and cannot change under a running experiment
profile_artifacts.research_method.research.training.lambda_turnover	runtime_config	migrate	ResearchMethodProfile artifact	CPCV, PBO, backtest and policy-fit jobs	job enqueue	research-methodology validator and content hash	none	Research methodology must be reproducible and cannot change under a running experiment
profile_artifacts.research_method.research.training.ndcg_k	runtime_config	migrate	ResearchMethodProfile artifact	CPCV, PBO, backtest and policy-fit jobs	job enqueue	research-methodology validator and content hash	none	Research methodology must be reproducible and cannot change under a running experiment
profile_artifacts.research_method.research.training.optimizer	runtime_config	migrate	ResearchMethodProfile artifact	CPCV, PBO, backtest and policy-fit jobs	job enqueue	research-methodology validator and content hash	none	Research methodology must be reproducible and cannot change under a running experiment
profile_artifacts.research_method.research.training.pseudo_top_n	runtime_config	migrate	ResearchMethodProfile artifact	CPCV, PBO, backtest and policy-fit jobs	job enqueue	research-methodology validator and content hash	none	Research methodology must be reproducible and cannot change under a running experiment
profile_artifacts.research_method.research.training.rank_loss	runtime_config	migrate	ResearchMethodProfile artifact	CPCV, PBO, backtest and policy-fit jobs	job enqueue	research-methodology validator and content hash	none	Research methodology must be reproducible and cannot change under a running experiment
profile_artifacts.research_method.research.training.tail_fraction	runtime_config	migrate	ResearchMethodProfile artifact	CPCV, PBO, backtest and policy-fit jobs	job enqueue	research-methodology validator and content hash	none	Research methodology must be reproducible and cannot change under a running experiment
profile_artifacts.research_method.research.validation.cpcv.k_test	runtime_config	migrate	ResearchMethodProfile artifact	CPCV, PBO, backtest and policy-fit jobs	job enqueue	research-methodology validator and content hash	none	Research methodology must be reproducible and cannot change under a running experiment
profile_artifacts.research_method.research.validation.cpcv.n_groups	runtime_config	migrate	ResearchMethodProfile artifact	CPCV, PBO, backtest and policy-fit jobs	job enqueue	research-methodology validator and content hash	none	Research methodology must be reproducible and cannot change under a running experiment
profile_artifacts.research_method.research.validation.gates.dsr_significance	runtime_config	migrate	ResearchMethodProfile artifact	CPCV, PBO, backtest and policy-fit jobs	job enqueue	research-methodology validator and content hash	none	Research methodology must be reproducible and cannot change under a running experiment
profile_artifacts.research_method.research.validation.gates.max_pbo	runtime_config	migrate	ResearchMethodProfile artifact	CPCV, PBO, backtest and policy-fit jobs	job enqueue	research-methodology validator and content hash	none	Research methodology must be reproducible and cannot change under a running experiment
profile_artifacts.research_method.research.validation.gates.max_turnover	runtime_config	migrate	ResearchMethodProfile artifact	CPCV, PBO, backtest and policy-fit jobs	job enqueue	research-methodology validator and content hash	none	Research methodology must be reproducible and cannot change under a running experiment
profile_artifacts.research_method.research.validation.gates.min_tail_loss_bps	runtime_config	migrate	ResearchMethodProfile artifact	CPCV, PBO, backtest and policy-fit jobs	job enqueue	research-methodology validator and content hash	none	Research methodology must be reproducible and cannot change under a running experiment
profile_artifacts.research_method.research.validation.gates.rank_ic_min	runtime_config	migrate	ResearchMethodProfile artifact	CPCV, PBO, backtest and policy-fit jobs	job enqueue	research-methodology validator and content hash	none	Research methodology must be reproducible and cannot change under a running experiment
profile_artifacts.research_method.research.validation.pbo.block_count	runtime_config	migrate	ResearchMethodProfile artifact	CPCV, PBO, backtest and policy-fit jobs	job enqueue	research-methodology validator and content hash	none	Research methodology must be reproducible and cannot change under a running experiment
profile_artifacts.research_method.research.validation.purge.embargo_pct	runtime_config	migrate	ResearchMethodProfile artifact	CPCV, PBO, backtest and policy-fit jobs	job enqueue	research-methodology validator and content hash	none	Research methodology must be reproducible and cannot change under a running experiment
profile_artifacts.research_method.research.validation.trials.forest_n_trees_multipliers[]	runtime_config	migrate	ResearchMethodProfile artifact	CPCV, PBO, backtest and policy-fit jobs	job enqueue	research-methodology validator and content hash	none	Research methodology must be reproducible and cannot change under a running experiment
profile_artifacts.research_method.research.validation.trials.lambda_multipliers[]	runtime_config	migrate	ResearchMethodProfile artifact	CPCV, PBO, backtest and policy-fit jobs	job enqueue	research-methodology validator and content hash	none	Research methodology must be reproducible and cannot change under a running experiment
profile_artifacts.research_method.research.validation.trials.linear_alpha_multipliers[]	runtime_config	migrate	ResearchMethodProfile artifact	CPCV, PBO, backtest and policy-fit jobs	job enqueue	research-methodology validator and content hash	none	Research methodology must be reproducible and cannot change under a running experiment
profile_artifacts.research_method.research.validation.trials.max_trials	runtime_config	migrate	ResearchMethodProfile artifact	CPCV, PBO, backtest and policy-fit jobs	job enqueue	research-methodology validator and content hash	none	Research methodology must be reproducible and cannot change under a running experiment
profile_artifacts.research_method.research.validation.trials.rank_loss_kinds[]	runtime_config	migrate	ResearchMethodProfile artifact	CPCV, PBO, backtest and policy-fit jobs	job enqueue	research-methodology validator and content hash	none	Research methodology must be reproducible and cannot change under a running experiment
profile_artifacts.research_method.schema_version	runtime_config	migrate	ResearchMethodProfile artifact	research and training lineage readers	new job or artifact lineage	boot schema and content-hash validation	none	The immutable research-method contract is versioned independently from hot policy resources
profile_artifacts.research_method.training.max_book_staleness_ms	runtime_config	migrate	TrainingRunSpec	dataset builder and model trainer	job enqueue	training-spec validator	none	Training inputs belong to an immutable job specification
profile_artifacts.research_method.training.min_exit_depth_usd	runtime_config	migrate	TrainingRunSpec	dataset builder and model trainer	job enqueue	training-spec validator	none	Training inputs belong to an immutable job specification
profile_artifacts.scoring.definition.cross_section.min_size	runtime_config	migrate	ScoringProfile artifact	factor pipeline, trainer and backtest	new job or artifact lineage	factor-contract validator and content-hash validation	none	Factor construction and normalization define research methodology
profile_artifacts.scoring.definition.cross_section.small_cross_section_policy	runtime_config	migrate	ScoringProfile artifact	factor pipeline, trainer and backtest	new job or artifact lineage	factor-contract validator and content-hash validation	none	Factor construction and normalization define research methodology
profile_artifacts.scoring.definition.enabled_factor_families[]	runtime_config	migrate	ScoringProfile artifact	factor pipeline, trainer and backtest	new job or artifact lineage	factor-contract validator and content-hash validation	none	Factor construction and normalization define research methodology
profile_artifacts.scoring.definition.min_factor_confidence	runtime_config	migrate	ScoringProfile artifact	factor pipeline, trainer and backtest	new job or artifact lineage	factor-contract validator and content-hash validation	none	Factor construction and normalization define research methodology
profile_artifacts.scoring.definition.missing_factor_policy	runtime_config	migrate	ScoringProfile artifact	factor pipeline, trainer and backtest	new job or artifact lineage	factor-contract validator and content-hash validation	none	Factor construction and normalization define research methodology
profile_artifacts.scoring.definition.normalization.default_clamp_sigma	runtime_config	migrate	ScoringProfile artifact	factor pipeline, trainer and backtest	new job or artifact lineage	factor-contract validator and content-hash validation	none	Factor construction and normalization define research methodology
profile_artifacts.scoring.definition.normalization.default_winsor_p	runtime_config	migrate	ScoringProfile artifact	factor pipeline, trainer and backtest	new job or artifact lineage	factor-contract validator and content-hash validation	none	Factor construction and normalization define research methodology
profile_artifacts.scoring.definition.normalization.per_factor.data_quality.max	runtime_config	migrate	ScoringProfile artifact	factor pipeline, trainer and backtest	new job or artifact lineage	factor-contract validator and content-hash validation	none	Factor construction and normalization define research methodology
profile_artifacts.scoring.definition.normalization.per_factor.data_quality.method	runtime_config	migrate	ScoringProfile artifact	factor pipeline, trainer and backtest	new job or artifact lineage	factor-contract validator and content-hash validation	none	Factor construction and normalization define research methodology
profile_artifacts.scoring.definition.normalization.per_factor.data_quality.min	runtime_config	migrate	ScoringProfile artifact	factor pipeline, trainer and backtest	new job or artifact lineage	factor-contract validator and content-hash validation	none	Factor construction and normalization define research methodology
profile_artifacts.scoring.definition.orthogonalize.max_correlation	runtime_config	migrate	ScoringProfile artifact	factor pipeline, trainer and backtest	new job or artifact lineage	factor-contract validator and content-hash validation	none	Factor construction and normalization define research methodology
profile_artifacts.scoring.definition.orthogonalize.neutralize_by[]	runtime_config	migrate	ScoringProfile artifact	factor pipeline, trainer and backtest	new job or artifact lineage	factor-contract validator and content-hash validation	none	Factor construction and normalization define research methodology
profile_artifacts.scoring.definition.structural.favorite_longshot.bias_table_ref	runtime_config	migrate	ScoringProfile artifact	factor pipeline, trainer and backtest	new job or artifact lineage	factor-contract validator and content-hash validation	none	Factor construction and normalization define research methodology
profile_artifacts.scoring.definition.structural.favorite_longshot.bins	runtime_config	migrate	ScoringProfile artifact	factor pipeline, trainer and backtest	new job or artifact lineage	factor-contract validator and content-hash validation	none	Factor construction and normalization define research methodology
profile_artifacts.scoring.definition.structural.favorite_longshot.ci_confidence	runtime_config	migrate	ScoringProfile artifact	factor pipeline, trainer and backtest	new job or artifact lineage	factor-contract validator and content-hash validation	none	Factor construction and normalization define research methodology
profile_artifacts.scoring.definition.structural.favorite_longshot.fit_sample_stride_secs	runtime_config	migrate	ScoringProfile artifact	factor pipeline, trainer and backtest	new job or artifact lineage	factor-contract validator and content-hash validation	none	Factor construction and normalization define research methodology
profile_artifacts.scoring.definition.structural.favorite_longshot.ic_significance_min	runtime_config	migrate	ScoringProfile artifact	factor pipeline, trainer and backtest	new job or artifact lineage	factor-contract validator and content-hash validation	none	Factor construction and normalization define research methodology
profile_artifacts.scoring.definition.structural.favorite_longshot.min_bin_samples	runtime_config	migrate	ScoringProfile artifact	factor pipeline, trainer and backtest	new job or artifact lineage	factor-contract validator and content-hash validation	none	Factor construction and normalization define research methodology
profile_artifacts.scoring.definition.structural.favorite_longshot.min_curve_samples	runtime_config	migrate	ScoringProfile artifact	factor pipeline, trainer and backtest	new job or artifact lineage	factor-contract validator and content-hash validation	none	Factor construction and normalization define research methodology
profile_artifacts.scoring.definition.structural.favorite_longshot.ttr_bucket_bounds_secs[]	runtime_config	migrate	ScoringProfile artifact	factor pipeline, trainer and backtest	new job or artifact lineage	factor-contract validator and content-hash validation	none	Factor construction and normalization define research methodology
profile_artifacts.scoring.definition.structural.negrisk.min_legs	runtime_config	migrate	ScoringProfile artifact	factor pipeline, trainer and backtest	new job or artifact lineage	factor-contract validator and content-hash validation	none	Factor construction and normalization define research methodology
profile_artifacts.scoring.definition.structural.participant_concentration.cr1_share_weight	runtime_config	migrate	ScoringProfile artifact	factor pipeline, trainer and backtest	new job or artifact lineage	factor-contract validator and content-hash validation	none	Factor construction and normalization define research methodology
profile_artifacts.scoring.definition.structural.participant_concentration.gini_weight	runtime_config	migrate	ScoringProfile artifact	factor pipeline, trainer and backtest	new job or artifact lineage	factor-contract validator and content-hash validation	none	Factor construction and normalization define research methodology
profile_artifacts.scoring.definition.structural.participant_concentration.hhi_weight	runtime_config	migrate	ScoringProfile artifact	factor pipeline, trainer and backtest	new job or artifact lineage	factor-contract validator and content-hash validation	none	Factor construction and normalization define research methodology
profile_artifacts.scoring.definition.structural.per_category_ic_gate	runtime_config	migrate	ScoringProfile artifact	factor pipeline, trainer and backtest	new job or artifact lineage	factor-contract validator and content-hash validation	none	Factor construction and normalization define research methodology
profile_artifacts.scoring.definition.structural.reversal_after_shock.shock_cap	runtime_config	migrate	ScoringProfile artifact	factor pipeline, trainer and backtest	new job or artifact lineage	factor-contract validator and content-hash validation	none	Factor construction and normalization define research methodology
profile_artifacts.scoring.definition.structural.reversal_after_shock.shock_k	runtime_config	migrate	ScoringProfile artifact	factor pipeline, trainer and backtest	new job or artifact lineage	factor-contract validator and content-hash validation	none	Factor construction and normalization define research methodology
profile_artifacts.scoring.schema_version	runtime_config	migrate	ScoringProfile artifact	factor pipeline, trainer and backtest	new job or artifact lineage	factor-contract validator and content-hash validation	none	Factor construction and normalization define research methodology
recommendation.data_quality.feature_staleness_policy	runtime_config	keep_runtime	RecommendationPolicy	report coordinator, market selector, data-quality gate	new ReportRun claim	typed policy validator and dependency preflight	none	Changes report eligibility and recommendation output and therefore requires audited hot activation
recommendation.data_quality.max_book_age_ms	runtime_config	keep_runtime	RecommendationPolicy	report coordinator, market selector, data-quality gate	new ReportRun claim	typed policy validator and dependency preflight	none	Changes report eligibility and recommendation output and therefore requires audited hot activation
recommendation.data_quality.max_domain_observation_age_secs	runtime_config	keep_runtime	RecommendationPolicy	report coordinator, market selector, data-quality gate	new ReportRun claim	typed policy validator and dependency preflight	none	Changes report eligibility and recommendation output and therefore requires audited hot activation
recommendation.data_quality.max_feature_bucket_age_secs	runtime_config	keep_runtime	RecommendationPolicy	report coordinator, market selector, data-quality gate	new ReportRun claim	typed policy validator and dependency preflight	none	Changes report eligibility and recommendation output and therefore requires audited hot activation
recommendation.data_quality.max_ingest_lag_ms	runtime_config	keep_runtime	RecommendationPolicy	report coordinator, market selector, data-quality gate	new ReportRun claim	typed policy validator and dependency preflight	none	Changes report eligibility and recommendation output and therefore requires audited hot activation
recommendation.data_quality.max_stale_book_ratio_bps	runtime_config	keep_runtime	RecommendationPolicy	report coordinator, market selector, data-quality gate	new ReportRun claim	typed policy validator and dependency preflight	none	Changes report eligibility and recommendation output and therefore requires audited hot activation
recommendation.data_quality.max_trade_tape_age_secs	runtime_config	keep_runtime	RecommendationPolicy	report coordinator, market selector, data-quality gate	new ReportRun claim	typed policy validator and dependency preflight	none	Changes report eligibility and recommendation output and therefore requires audited hot activation
recommendation.data_quality.reject_crossed_books	runtime_config	keep_runtime	RecommendationPolicy	report coordinator, market selector, data-quality gate	new ReportRun claim	typed policy validator and dependency preflight	none	Changes report eligibility and recommendation output and therefore requires audited hot activation
recommendation.data_quality.reject_empty_books	runtime_config	keep_runtime	RecommendationPolicy	report coordinator, market selector, data-quality gate	new ReportRun claim	typed policy validator and dependency preflight	none	Changes report eligibility and recommendation output and therefore requires audited hot activation
recommendation.reports.ad_hoc_default_knowledge_lag_secs	runtime_config	keep_runtime	RecommendationPolicy	report coordinator, market selector, data-quality gate	new ReportRun claim	typed policy validator and dependency preflight	none	Changes report eligibility and recommendation output and therefore requires audited hot activation
recommendation.reports.ad_hoc_default_top_n	runtime_config	keep_runtime	RecommendationPolicy	report coordinator, market selector, data-quality gate	new ReportRun claim	typed policy validator and dependency preflight	none	Changes report eligibility and recommendation output and therefore requires audited hot activation
recommendation.reports.ad_hoc_report_enabled	runtime_config	keep_runtime	RecommendationPolicy	report coordinator, market selector, data-quality gate	new ReportRun claim	typed policy validator and dependency preflight	none	Changes report eligibility and recommendation output and therefore requires audited hot activation
recommendation.reports.delivery_policy	runtime_config	keep_runtime	RecommendationPolicy	report coordinator, market selector, data-quality gate	new ReportRun claim	typed policy validator and dependency preflight	none	Changes report eligibility and recommendation output and therefore requires audited hot activation
recommendation.reports.entry_window_ratio	runtime_config	keep_runtime	RecommendationPolicy	report coordinator, market selector, data-quality gate	new ReportRun claim	typed policy validator and dependency preflight	none	Changes report eligibility and recommendation output and therefore requires audited hot activation
recommendation.reports.fallback_horizon_secs	runtime_config	keep_runtime	RecommendationPolicy	report coordinator, market selector, data-quality gate	new ReportRun claim	typed policy validator and dependency preflight	none	Changes report eligibility and recommendation output and therefore requires audited hot activation
recommendation.reports.hard_candidate_ceiling	runtime_config	keep_runtime	RecommendationPolicy	report coordinator, market selector, data-quality gate	new ReportRun claim	typed policy validator and dependency preflight	none	Changes report eligibility and recommendation output and therefore requires audited hot activation
recommendation.reports.max_top_n	runtime_config	keep_runtime	RecommendationPolicy	report coordinator, market selector, data-quality gate	new ReportRun claim	typed policy validator and dependency preflight	none	Changes report eligibility and recommendation output and therefore requires audited hot activation
recommendation.schema_version	runtime_config	keep_runtime	RecommendationPolicy	report coordinator, market selector, data-quality gate	new ReportRun claim	typed policy validator and dependency preflight	none	Changes report eligibility and recommendation output and therefore requires audited hot activation
recommendation.selection.allow_near_resolution	runtime_config	keep_runtime	RecommendationPolicy	report coordinator, market selector, data-quality gate	new ReportRun claim	typed policy validator and dependency preflight	none	Changes report eligibility and recommendation output and therefore requires audited hot activation
recommendation.selection.enabled_categories[]	runtime_config	keep_runtime	RecommendationPolicy	report coordinator, market selector, data-quality gate	new ReportRun claim	typed policy validator and dependency preflight	none	Changes report eligibility and recommendation output and therefore requires audited hot activation
recommendation.selection.max_spread_bps	runtime_config	keep_runtime	RecommendationPolicy	report coordinator, market selector, data-quality gate	new ReportRun claim	typed policy validator and dependency preflight	none	Changes report eligibility and recommendation output and therefore requires audited hot activation
recommendation.selection.max_time_to_resolution_secs	runtime_config	keep_runtime	RecommendationPolicy	report coordinator, market selector, data-quality gate	new ReportRun claim	typed policy validator and dependency preflight	none	Changes report eligibility and recommendation output and therefore requires audited hot activation
recommendation.selection.min_liquidity_usd	runtime_config	keep_runtime	RecommendationPolicy	report coordinator, market selector, data-quality gate	new ReportRun claim	typed policy validator and dependency preflight	none	Changes report eligibility and recommendation output and therefore requires audited hot activation
recommendation.selection.min_time_to_resolution_secs	runtime_config	keep_runtime	RecommendationPolicy	report coordinator, market selector, data-quality gate	new ReportRun claim	typed policy validator and dependency preflight	none	Changes report eligibility and recommendation output and therefore requires audited hot activation
recommendation.selection.min_volume_24h_usd	runtime_config	keep_runtime	RecommendationPolicy	report coordinator, market selector, data-quality gate	new ReportRun claim	typed policy validator and dependency preflight	none	Changes report eligibility and recommendation output and therefore requires audited hot activation
report_schedule.schedules[].cadence.interval_secs	runtime_config	keep_runtime	ReportSchedule	durable report scheduler	future unclaimed runs after reconcile	typed cadence, timezone and preview validator	none	Operators need audited schedule changes without process restart
report_schedule.schedules[].cadence.kind	runtime_config	keep_runtime	ReportSchedule	durable report scheduler	future unclaimed runs after reconcile	typed cadence, timezone and preview validator	none	Operators need audited schedule changes without process restart
report_schedule.schedules[].enabled	runtime_config	keep_runtime	ReportSchedule	durable report scheduler	future unclaimed runs after reconcile	typed cadence, timezone and preview validator	none	Operators need audited schedule changes without process restart
report_schedule.schedules[].knowledge_lag_secs	runtime_config	keep_runtime	ReportSchedule	durable report scheduler	future unclaimed runs after reconcile	typed cadence, timezone and preview validator	none	Operators need audited schedule changes without process restart
report_schedule.schedules[].schedule_id	runtime_config	keep_runtime	ReportSchedule	durable report scheduler	future unclaimed runs after reconcile	typed cadence, timezone and preview validator	none	Operators need audited schedule changes without process restart
report_schedule.schedules[].top_n	runtime_config	keep_runtime	ReportSchedule	durable report scheduler	future unclaimed runs after reconcile	typed cadence, timezone and preview validator	none	Operators need audited schedule changes without process restart
report_schedule.schema_version	runtime_config	keep_runtime	ReportSchedule	durable report scheduler	future unclaimed runs after reconcile	typed cadence, timezone and preview validator	none	Operators need audited schedule changes without process restart
revisions.execution_authorization	runtime_config	system_generated	DecisionPolicySnapshot revision bundle	lineage and audit readers	policy activation transaction	repository foreign-key and bundle completeness invariant	none	Revision identifiers are generated by governance and are never editable configuration
revisions.execution_risk_policy	runtime_config	system_generated	DecisionPolicySnapshot revision bundle	lineage and audit readers	policy activation transaction	repository foreign-key and bundle completeness invariant	none	Revision identifiers are generated by governance and are never editable configuration
revisions.model_routing	runtime_config	system_generated	DecisionPolicySnapshot revision bundle	lineage and audit readers	policy activation transaction	repository foreign-key and bundle completeness invariant	none	Revision identifiers are generated by governance and are never editable configuration
revisions.operational_control	runtime_config	system_generated	DecisionPolicySnapshot revision bundle	lineage and audit readers	policy activation transaction	repository foreign-key and bundle completeness invariant	none	Revision identifiers are generated by governance and are never editable configuration
revisions.recommendation_policy	runtime_config	system_generated	DecisionPolicySnapshot revision bundle	lineage and audit readers	policy activation transaction	repository foreign-key and bundle completeness invariant	none	Revision identifiers are generated by governance and are never editable configuration
revisions.report_schedule	runtime_config	system_generated	DecisionPolicySnapshot revision bundle	lineage and audit readers	policy activation transaction	repository foreign-key and bundle completeness invariant	none	Revision identifiers are generated by governance and are never editable configuration
cache.disabled	deploy_config	keep_deploy	cache resource budget	Redis and in-process cache adapters	process start	typed DeployConfig validation and connectivity preflight	none	Cache capacity, namespace and connection policy are deployment properties
cache.fail_open	deploy_config	keep_deploy	cache resource budget	Redis and in-process cache adapters	process start	typed DeployConfig validation and connectivity preflight	none	Cache capacity, namespace and connection policy are deployment properties
cache.moka.max_capacity	deploy_config	keep_deploy	cache resource budget	Redis and in-process cache adapters	process start	typed DeployConfig validation and connectivity preflight	none	Cache capacity, namespace and connection policy are deployment properties
cache.operation_timeout_ms	deploy_config	keep_deploy	cache resource budget	Redis and in-process cache adapters	process start	typed DeployConfig validation and connectivity preflight	none	Cache capacity, namespace and connection policy are deployment properties
cache.redis.connect_timeout_ms	deploy_config	keep_deploy	cache resource budget	Redis and in-process cache adapters	process start	typed DeployConfig validation and connectivity preflight	none	Cache capacity, namespace and connection policy are deployment properties
cache.redis.database	deploy_config	keep_deploy	cache resource budget	Redis and in-process cache adapters	process start	typed DeployConfig validation and connectivity preflight	none	Cache capacity, namespace and connection policy are deployment properties
cache.redis.host	deploy_config	keep_deploy	cache resource budget	Redis and in-process cache adapters	process start	typed DeployConfig validation and connectivity preflight	none	Cache capacity, namespace and connection policy are deployment properties
cache.redis.key_prefix	deploy_config	keep_deploy	cache resource budget	Redis and in-process cache adapters	process start	typed DeployConfig validation and connectivity preflight	none	Cache capacity, namespace and connection policy are deployment properties
cache.redis.password	deploy_config	keep_deploy	SecretText	owning infrastructure or provider adapter	process start	typed format validation, Debug redaction and tracked-placeholder lint	plaintext_deploy_secret	The permission-restricted deploy TOML is the single secret source; values are zeroized and never serialized
cache.redis.pool_size	deploy_config	keep_deploy	cache resource budget	Redis and in-process cache adapters	process start	typed DeployConfig validation and connectivity preflight	none	Cache capacity, namespace and connection policy are deployment properties
cache.redis.port	deploy_config	keep_deploy	cache resource budget	Redis and in-process cache adapters	process start	typed DeployConfig validation and connectivity preflight	none	Cache capacity, namespace and connection policy are deployment properties
cache.redis.timeout_ms	deploy_config	keep_deploy	cache resource budget	Redis and in-process cache adapters	process start	typed DeployConfig validation and connectivity preflight	none	Cache capacity, namespace and connection policy are deployment properties
cache.redis.user	deploy_config	keep_deploy	cache resource budget	Redis and in-process cache adapters	process start	typed DeployConfig validation and connectivity preflight	none	Cache capacity, namespace and connection policy are deployment properties
db.clickhouse.batch_size	deploy_config	keep_deploy	database resource budget	PostgreSQL or ClickHouse adapter	process start	typed DeployConfig validation and connectivity preflight	none	Connection locations and host capacity cannot be hot swapped safely
db.clickhouse.cluster_id	deploy_config	keep_deploy	database resource budget	PostgreSQL or ClickHouse adapter	process start	typed DeployConfig validation and connectivity preflight	none	Connection locations and host capacity cannot be hot swapped safely
db.clickhouse.database	deploy_config	keep_deploy	database resource budget	PostgreSQL or ClickHouse adapter	process start	typed DeployConfig validation and connectivity preflight	none	Connection locations and host capacity cannot be hot swapped safely
db.clickhouse.deployment_id	deploy_config	keep_deploy	database resource budget	PostgreSQL or ClickHouse adapter	process start	typed DeployConfig validation and connectivity preflight	none	Connection locations and host capacity cannot be hot swapped safely
db.clickhouse.flush_interval_secs	deploy_config	keep_deploy	database resource budget	PostgreSQL or ClickHouse adapter	process start	typed DeployConfig validation and connectivity preflight	none	Connection locations and host capacity cannot be hot swapped safely
db.clickhouse.max_concurrent_inserts	deploy_config	keep_deploy	database resource budget	PostgreSQL or ClickHouse adapter	process start	typed DeployConfig validation and connectivity preflight	none	Connection locations and host capacity cannot be hot swapped safely
db.clickhouse.password	deploy_config	keep_deploy	SecretText	owning infrastructure or provider adapter	process start	typed format validation, Debug redaction and tracked-placeholder lint	plaintext_deploy_secret	The permission-restricted deploy TOML is the single secret source; values are zeroized and never serialized
db.clickhouse.url	deploy_config	keep_deploy	database resource budget	PostgreSQL or ClickHouse adapter	process start	typed DeployConfig validation and connectivity preflight	none	Connection locations and host capacity cannot be hot swapped safely
db.clickhouse.user	deploy_config	keep_deploy	database resource budget	PostgreSQL or ClickHouse adapter	process start	typed DeployConfig validation and connectivity preflight	none	Connection locations and host capacity cannot be hot swapped safely
db.postgres.acquire_timeout_secs	deploy_config	keep_deploy	database resource budget	PostgreSQL or ClickHouse adapter	process start	typed DeployConfig validation and connectivity preflight	none	Connection locations and host capacity cannot be hot swapped safely
db.postgres.application_name	deploy_config	keep_deploy	database resource budget	PostgreSQL or ClickHouse adapter	process start	typed DeployConfig validation and connectivity preflight	none	Connection locations and host capacity cannot be hot swapped safely
db.postgres.connect_timeout_secs	deploy_config	keep_deploy	database resource budget	PostgreSQL or ClickHouse adapter	process start	typed DeployConfig validation and connectivity preflight	none	Connection locations and host capacity cannot be hot swapped safely
db.postgres.database	deploy_config	keep_deploy	database resource budget	PostgreSQL or ClickHouse adapter	process start	typed DeployConfig validation and connectivity preflight	none	Connection locations and host capacity cannot be hot swapped safely
db.postgres.host	deploy_config	keep_deploy	database resource budget	PostgreSQL or ClickHouse adapter	process start	typed DeployConfig validation and connectivity preflight	none	Connection locations and host capacity cannot be hot swapped safely
db.postgres.idle_in_transaction_timeout_ms	deploy_config	keep_deploy	database resource budget	PostgreSQL or ClickHouse adapter	process start	typed DeployConfig validation and connectivity preflight	none	Connection locations and host capacity cannot be hot swapped safely
db.postgres.idle_timeout_secs	deploy_config	keep_deploy	database resource budget	PostgreSQL or ClickHouse adapter	process start	typed DeployConfig validation and connectivity preflight	none	Connection locations and host capacity cannot be hot swapped safely
db.postgres.lock_timeout_ms	deploy_config	keep_deploy	database resource budget	PostgreSQL or ClickHouse adapter	process start	typed DeployConfig validation and connectivity preflight	none	Connection locations and host capacity cannot be hot swapped safely
db.postgres.max_connections	deploy_config	keep_deploy	database resource budget	PostgreSQL or ClickHouse adapter	process start	typed DeployConfig validation and connectivity preflight	none	Connection locations and host capacity cannot be hot swapped safely
db.postgres.max_lifetime_secs	deploy_config	keep_deploy	database resource budget	PostgreSQL or ClickHouse adapter	process start	typed DeployConfig validation and connectivity preflight	none	Connection locations and host capacity cannot be hot swapped safely
db.postgres.min_connections	deploy_config	keep_deploy	database resource budget	PostgreSQL or ClickHouse adapter	process start	typed DeployConfig validation and connectivity preflight	none	Connection locations and host capacity cannot be hot swapped safely
db.postgres.password	deploy_config	keep_deploy	SecretText	owning infrastructure or provider adapter	process start	typed format validation, Debug redaction and tracked-placeholder lint	plaintext_deploy_secret	The permission-restricted deploy TOML is the single secret source; values are zeroized and never serialized
db.postgres.port	deploy_config	keep_deploy	database resource budget	PostgreSQL or ClickHouse adapter	process start	typed DeployConfig validation and connectivity preflight	none	Connection locations and host capacity cannot be hot swapped safely
db.postgres.schema	deploy_config	keep_deploy	database resource budget	PostgreSQL or ClickHouse adapter	process start	typed DeployConfig validation and connectivity preflight	none	Connection locations and host capacity cannot be hot swapped safely
db.postgres.statement_cache_capacity	deploy_config	keep_deploy	database resource budget	PostgreSQL or ClickHouse adapter	process start	typed DeployConfig validation and connectivity preflight	none	Connection locations and host capacity cannot be hot swapped safely
db.postgres.statement_timeout_ms	deploy_config	keep_deploy	database resource budget	PostgreSQL or ClickHouse adapter	process start	typed DeployConfig validation and connectivity preflight	none	Connection locations and host capacity cannot be hot swapped safely
db.postgres.user	deploy_config	keep_deploy	database resource budget	PostgreSQL or ClickHouse adapter	process start	typed DeployConfig validation and connectivity preflight	none	Connection locations and host capacity cannot be hot swapped safely
db.postgres.verify_session_params	deploy_config	keep_deploy	database resource budget	PostgreSQL or ClickHouse adapter	process start	typed DeployConfig validation and connectivity preflight	none	Connection locations and host capacity cannot be hot swapped safely
db.postgres.work_mem	deploy_config	keep_deploy	database resource budget	PostgreSQL or ClickHouse adapter	process start	typed DeployConfig validation and connectivity preflight	none	Connection locations and host capacity cannot be hot swapped safely
domain_sources.airnow.correction_lookback_hours	deploy_config	keep_deploy	provider binding catalog	typed domain-source adapters	process start	typed source/binding validator and provider preflight	none	External source endpoints and physical station bindings are environment-specific adapter inputs
domain_sources.airnow.enabled	deploy_config	keep_deploy	provider binding catalog	typed domain-source adapters	process start	typed source/binding validator and provider preflight	none	External source endpoints and physical station bindings are environment-specific adapter inputs
domain_sources.airnow.hourly_aq_base_url	deploy_config	keep_deploy	provider binding catalog	typed domain-source adapters	process start	typed source/binding validator and provider preflight	none	External source endpoints and physical station bindings are environment-specific adapter inputs
domain_sources.airnow.poll_secs	deploy_config	keep_deploy	provider binding catalog	typed domain-source adapters	process start	typed source/binding validator and provider preflight	none	External source endpoints and physical station bindings are environment-specific adapter inputs
domain_sources.airnow.reporting_area_url	deploy_config	keep_deploy	provider binding catalog	typed domain-source adapters	process start	typed source/binding validator and provider preflight	none	External source endpoints and physical station bindings are environment-specific adapter inputs
domain_sources.airnow.request_timeout_ms	deploy_config	keep_deploy	provider binding catalog	typed domain-source adapters	process start	typed source/binding validator and provider preflight	none	External source endpoints and physical station bindings are environment-specific adapter inputs
domain_sources.aviation_weather.base_url	deploy_config	keep_deploy	provider binding catalog	typed domain-source adapters	process start	typed source/binding validator and provider preflight	none	External source endpoints and physical station bindings are environment-specific adapter inputs
domain_sources.aviation_weather.day_close_grace_secs	deploy_config	keep_deploy	provider binding catalog	typed domain-source adapters	process start	typed source/binding validator and provider preflight	none	External source endpoints and physical station bindings are environment-specific adapter inputs
domain_sources.aviation_weather.enabled	deploy_config	keep_deploy	provider binding catalog	typed domain-source adapters	process start	typed source/binding validator and provider preflight	none	External source endpoints and physical station bindings are environment-specific adapter inputs
domain_sources.aviation_weather.poll_secs	deploy_config	keep_deploy	provider binding catalog	typed domain-source adapters	process start	typed source/binding validator and provider preflight	none	External source endpoints and physical station bindings are environment-specific adapter inputs
domain_sources.aviation_weather.request_timeout_ms	deploy_config	keep_deploy	provider binding catalog	typed domain-source adapters	process start	typed source/binding validator and provider preflight	none	External source endpoints and physical station bindings are environment-specific adapter inputs
domain_sources.binance.agg_trade_recovery_poll_secs	deploy_config	keep_deploy	provider binding catalog	typed domain-source adapters	process start	typed source/binding validator and provider preflight	none	External source endpoints and physical station bindings are environment-specific adapter inputs
domain_sources.binance.archive_url	deploy_config	keep_deploy	provider binding catalog	typed domain-source adapters	process start	typed source/binding validator and provider preflight	none	External source endpoints and physical station bindings are environment-specific adapter inputs
domain_sources.binance.batch_size	deploy_config	keep_deploy	provider binding catalog	typed domain-source adapters	process start	typed source/binding validator and provider preflight	none	External source endpoints and physical station bindings are environment-specific adapter inputs
domain_sources.binance.enabled	deploy_config	keep_deploy	provider binding catalog	typed domain-source adapters	process start	typed source/binding validator and provider preflight	none	External source endpoints and physical station bindings are environment-specific adapter inputs
domain_sources.binance.kline_poll_secs	deploy_config	keep_deploy	provider binding catalog	typed domain-source adapters	process start	typed source/binding validator and provider preflight	none	External source endpoints and physical station bindings are environment-specific adapter inputs
domain_sources.binance.max_clock_skew_ms	deploy_config	keep_deploy	provider binding catalog	typed domain-source adapters	process start	typed source/binding validator and provider preflight	none	External source endpoints and physical station bindings are environment-specific adapter inputs
domain_sources.binance.rest_url	deploy_config	keep_deploy	provider binding catalog	typed domain-source adapters	process start	typed source/binding validator and provider preflight	none	External source endpoints and physical station bindings are environment-specific adapter inputs
domain_sources.binance.websocket_rotation_secs	deploy_config	keep_deploy	provider binding catalog	typed domain-source adapters	process start	typed source/binding validator and provider preflight	none	External source endpoints and physical station bindings are environment-specific adapter inputs
domain_sources.binance.websocket_url	deploy_config	keep_deploy	provider binding catalog	typed domain-source adapters	process start	typed source/binding validator and provider preflight	none	External source endpoints and physical station bindings are environment-specific adapter inputs
domain_sources.binance.weight_budget_per_min	deploy_config	keep_deploy	provider binding catalog	typed domain-source adapters	process start	typed source/binding validator and provider preflight	none	External source endpoints and physical station bindings are environment-specific adapter inputs
domain_sources.binance_usdm_futures.agg_trade_recovery_poll_secs	deploy_config	keep_deploy	provider binding catalog	typed domain-source adapters	process start	typed source/binding validator and provider preflight	none	External source endpoints and physical station bindings are environment-specific adapter inputs
domain_sources.binance_usdm_futures.archive_url	deploy_config	keep_deploy	provider binding catalog	typed domain-source adapters	process start	typed source/binding validator and provider preflight	none	External source endpoints and physical station bindings are environment-specific adapter inputs
domain_sources.binance_usdm_futures.batch_size	deploy_config	keep_deploy	provider binding catalog	typed domain-source adapters	process start	typed source/binding validator and provider preflight	none	External source endpoints and physical station bindings are environment-specific adapter inputs
domain_sources.binance_usdm_futures.enabled	deploy_config	keep_deploy	provider binding catalog	typed domain-source adapters	process start	typed source/binding validator and provider preflight	none	External source endpoints and physical station bindings are environment-specific adapter inputs
domain_sources.binance_usdm_futures.kline_poll_secs	deploy_config	keep_deploy	provider binding catalog	typed domain-source adapters	process start	typed source/binding validator and provider preflight	none	External source endpoints and physical station bindings are environment-specific adapter inputs
domain_sources.binance_usdm_futures.max_clock_skew_ms	deploy_config	keep_deploy	provider binding catalog	typed domain-source adapters	process start	typed source/binding validator and provider preflight	none	External source endpoints and physical station bindings are environment-specific adapter inputs
domain_sources.binance_usdm_futures.request_timeout_ms	deploy_config	keep_deploy	provider binding catalog	typed domain-source adapters	process start	typed source/binding validator and provider preflight	none	External source endpoints and physical station bindings are environment-specific adapter inputs
domain_sources.binance_usdm_futures.rest_url	deploy_config	keep_deploy	provider binding catalog	typed domain-source adapters	process start	typed source/binding validator and provider preflight	none	External source endpoints and physical station bindings are environment-specific adapter inputs
domain_sources.binance_usdm_futures.websocket_rotation_secs	deploy_config	keep_deploy	provider binding catalog	typed domain-source adapters	process start	typed source/binding validator and provider preflight	none	External source endpoints and physical station bindings are environment-specific adapter inputs
domain_sources.binance_usdm_futures.websocket_url	deploy_config	keep_deploy	provider binding catalog	typed domain-source adapters	process start	typed source/binding validator and provider preflight	none	External source endpoints and physical station bindings are environment-specific adapter inputs
domain_sources.binance_usdm_futures.weight_budget_per_min	deploy_config	keep_deploy	provider binding catalog	typed domain-source adapters	process start	typed source/binding validator and provider preflight	none	External source endpoints and physical station bindings are environment-specific adapter inputs
domain_sources.chainlink_data_streams.enabled	deploy_config	keep_deploy	provider binding catalog	typed domain-source adapters	process start	typed source/binding validator and provider preflight	none	External source endpoints and physical station bindings are environment-specific adapter inputs
domain_sources.chainlink_data_streams.max_clock_skew_ms	deploy_config	keep_deploy	provider binding catalog	typed domain-source adapters	process start	typed source/binding validator and provider preflight	none	External source endpoints and physical station bindings are environment-specific adapter inputs
domain_sources.chainlink_data_streams.rest_page_limit	deploy_config	keep_deploy	provider binding catalog	typed domain-source adapters	process start	typed source/binding validator and provider preflight	none	External source endpoints and physical station bindings are environment-specific adapter inputs
domain_sources.chainlink_data_streams.rest_url	deploy_config	keep_deploy	provider binding catalog	typed domain-source adapters	process start	typed source/binding validator and provider preflight	none	External source endpoints and physical station bindings are environment-specific adapter inputs
domain_sources.chainlink_data_streams.websocket_url	deploy_config	keep_deploy	provider binding catalog	typed domain-source adapters	process start	typed source/binding validator and provider preflight	none	External source endpoints and physical station bindings are environment-specific adapter inputs
domain_sources.gefs.bucket_url	deploy_config	keep_deploy	provider binding catalog	typed domain-source adapters	process start	typed source/binding validator and provider preflight	none	External source endpoints and physical station bindings are environment-specific adapter inputs
domain_sources.gefs.enabled	deploy_config	keep_deploy	provider binding catalog	typed domain-source adapters	process start	typed source/binding validator and provider preflight	none	External source endpoints and physical station bindings are environment-specific adapter inputs
domain_sources.gefs.max_concurrency	deploy_config	keep_deploy	provider binding catalog	typed domain-source adapters	process start	typed source/binding validator and provider preflight	none	External source endpoints and physical station bindings are environment-specific adapter inputs
domain_sources.gefs.max_lead_hours	deploy_config	keep_deploy	provider binding catalog	typed domain-source adapters	process start	typed source/binding validator and provider preflight	none	External source endpoints and physical station bindings are environment-specific adapter inputs
domain_sources.gefs.poll_secs	deploy_config	keep_deploy	provider binding catalog	typed domain-source adapters	process start	typed source/binding validator and provider preflight	none	External source endpoints and physical station bindings are environment-specific adapter inputs
domain_sources.gefs.publication_lag_secs	deploy_config	keep_deploy	provider binding catalog	typed domain-source adapters	process start	typed source/binding validator and provider preflight	none	External source endpoints and physical station bindings are environment-specific adapter inputs
domain_sources.gefs.request_timeout_ms	deploy_config	keep_deploy	provider binding catalog	typed domain-source adapters	process start	typed source/binding validator and provider preflight	none	External source endpoints and physical station bindings are environment-specific adapter inputs
domain_sources.ghcnh.base_url	deploy_config	keep_deploy	provider binding catalog	typed domain-source adapters	process start	typed source/binding validator and provider preflight	none	External source endpoints and physical station bindings are environment-specific adapter inputs
domain_sources.ghcnh.calibration_years	deploy_config	keep_deploy	provider binding catalog	typed domain-source adapters	process start	typed source/binding validator and provider preflight	none	External source endpoints and physical station bindings are environment-specific adapter inputs
domain_sources.ghcnh.enabled	deploy_config	keep_deploy	provider binding catalog	typed domain-source adapters	process start	typed source/binding validator and provider preflight	none	External source endpoints and physical station bindings are environment-specific adapter inputs
domain_sources.ghcnh.max_concurrency	deploy_config	keep_deploy	provider binding catalog	typed domain-source adapters	process start	typed source/binding validator and provider preflight	none	External source endpoints and physical station bindings are environment-specific adapter inputs
domain_sources.ghcnh.refresh_secs	deploy_config	keep_deploy	provider binding catalog	typed domain-source adapters	process start	typed source/binding validator and provider preflight	none	External source endpoints and physical station bindings are environment-specific adapter inputs
domain_sources.ghcnh.request_timeout_ms	deploy_config	keep_deploy	provider binding catalog	typed domain-source adapters	process start	typed source/binding validator and provider preflight	none	External source endpoints and physical station bindings are environment-specific adapter inputs
domain_sources.hko_open_data.base_url	deploy_config	keep_deploy	provider binding catalog	typed domain-source adapters	process start	typed source/binding validator and provider preflight	none	External source endpoints and physical station bindings are environment-specific adapter inputs
domain_sources.hko_open_data.daily_temperature_lookback_months	deploy_config	keep_deploy	provider binding catalog	typed domain-source adapters	process start	typed source/binding validator and provider preflight	none	External source endpoints and physical station bindings are environment-specific adapter inputs
domain_sources.hko_open_data.daily_temperature_poll_secs	deploy_config	keep_deploy	provider binding catalog	typed domain-source adapters	process start	typed source/binding validator and provider preflight	none	External source endpoints and physical station bindings are environment-specific adapter inputs
domain_sources.hko_open_data.enabled	deploy_config	keep_deploy	provider binding catalog	typed domain-source adapters	process start	typed source/binding validator and provider preflight	none	External source endpoints and physical station bindings are environment-specific adapter inputs
domain_sources.hko_open_data.rainfall_poll_secs	deploy_config	keep_deploy	provider binding catalog	typed domain-source adapters	process start	typed source/binding validator and provider preflight	none	External source endpoints and physical station bindings are environment-specific adapter inputs
domain_sources.hko_open_data.request_timeout_ms	deploy_config	keep_deploy	provider binding catalog	typed domain-source adapters	process start	typed source/binding validator and provider preflight	none	External source endpoints and physical station bindings are environment-specific adapter inputs
domain_sources.nasa_gistemp.csv_url	deploy_config	keep_deploy	provider binding catalog	typed domain-source adapters	process start	typed source/binding validator and provider preflight	none	External source endpoints and physical station bindings are environment-specific adapter inputs
domain_sources.nasa_gistemp.enabled	deploy_config	keep_deploy	provider binding catalog	typed domain-source adapters	process start	typed source/binding validator and provider preflight	none	External source endpoints and physical station bindings are environment-specific adapter inputs
domain_sources.nasa_gistemp.refresh_secs	deploy_config	keep_deploy	provider binding catalog	typed domain-source adapters	process start	typed source/binding validator and provider preflight	none	External source endpoints and physical station bindings are environment-specific adapter inputs
domain_sources.nasa_gistemp.request_timeout_ms	deploy_config	keep_deploy	provider binding catalog	typed domain-source adapters	process start	typed source/binding validator and provider preflight	none	External source endpoints and physical station bindings are environment-specific adapter inputs
domain_sources.nhc.advisory_poll_secs	deploy_config	keep_deploy	provider binding catalog	typed domain-source adapters	process start	typed source/binding validator and provider preflight	none	External source endpoints and physical station bindings are environment-specific adapter inputs
domain_sources.nhc.best_track_refresh_secs	deploy_config	keep_deploy	provider binding catalog	typed domain-source adapters	process start	typed source/binding validator and provider preflight	none	External source endpoints and physical station bindings are environment-specific adapter inputs
domain_sources.nhc.current_storms_url	deploy_config	keep_deploy	provider binding catalog	typed domain-source adapters	process start	typed source/binding validator and provider preflight	none	External source endpoints and physical station bindings are environment-specific adapter inputs
domain_sources.nhc.data_archive_url	deploy_config	keep_deploy	provider binding catalog	typed domain-source adapters	process start	typed source/binding validator and provider preflight	none	External source endpoints and physical station bindings are environment-specific adapter inputs
domain_sources.nhc.enabled	deploy_config	keep_deploy	provider binding catalog	typed domain-source adapters	process start	typed source/binding validator and provider preflight	none	External source endpoints and physical station bindings are environment-specific adapter inputs
domain_sources.nhc.request_timeout_ms	deploy_config	keep_deploy	provider binding catalog	typed domain-source adapters	process start	typed source/binding validator and provider preflight	none	External source endpoints and physical station bindings are environment-specific adapter inputs
domain_sources.nsidc_sea_ice.enabled	deploy_config	keep_deploy	provider binding catalog	typed domain-source adapters	process start	typed source/binding validator and provider preflight	none	External source endpoints and physical station bindings are environment-specific adapter inputs
domain_sources.nsidc_sea_ice.north_csv_url	deploy_config	keep_deploy	provider binding catalog	typed domain-source adapters	process start	typed source/binding validator and provider preflight	none	External source endpoints and physical station bindings are environment-specific adapter inputs
domain_sources.nsidc_sea_ice.refresh_secs	deploy_config	keep_deploy	provider binding catalog	typed domain-source adapters	process start	typed source/binding validator and provider preflight	none	External source endpoints and physical station bindings are environment-specific adapter inputs
domain_sources.nsidc_sea_ice.request_timeout_ms	deploy_config	keep_deploy	provider binding catalog	typed domain-source adapters	process start	typed source/binding validator and provider preflight	none	External source endpoints and physical station bindings are environment-specific adapter inputs
domain_sources.nsidc_sea_ice.south_csv_url	deploy_config	keep_deploy	provider binding catalog	typed domain-source adapters	process start	typed source/binding validator and provider preflight	none	External source endpoints and physical station bindings are environment-specific adapter inputs
domain_sources.nws_observation.base_url	deploy_config	keep_deploy	provider binding catalog	typed domain-source adapters	process start	typed source/binding validator and provider preflight	none	External source endpoints and physical station bindings are environment-specific adapter inputs
domain_sources.nws_observation.enabled	deploy_config	keep_deploy	provider binding catalog	typed domain-source adapters	process start	typed source/binding validator and provider preflight	none	External source endpoints and physical station bindings are environment-specific adapter inputs
domain_sources.nws_observation.lookback_observations	deploy_config	keep_deploy	provider binding catalog	typed domain-source adapters	process start	typed source/binding validator and provider preflight	none	External source endpoints and physical station bindings are environment-specific adapter inputs
domain_sources.nws_observation.poll_secs	deploy_config	keep_deploy	provider binding catalog	typed domain-source adapters	process start	typed source/binding validator and provider preflight	none	External source endpoints and physical station bindings are environment-specific adapter inputs
domain_sources.nws_observation.request_timeout_ms	deploy_config	keep_deploy	provider binding catalog	typed domain-source adapters	process start	typed source/binding validator and provider preflight	none	External source endpoints and physical station bindings are environment-specific adapter inputs
domain_sources.polymarket_rtds.connect_timeout_ms	deploy_config	keep_deploy	provider binding catalog	typed domain-source adapters	process start	typed source/binding validator and provider preflight	none	External source endpoints and physical station bindings are environment-specific adapter inputs
domain_sources.polymarket_rtds.enabled	deploy_config	keep_deploy	provider binding catalog	typed domain-source adapters	process start	typed source/binding validator and provider preflight	none	External source endpoints and physical station bindings are environment-specific adapter inputs
domain_sources.polymarket_rtds.keepalive_secs	deploy_config	keep_deploy	provider binding catalog	typed domain-source adapters	process start	typed source/binding validator and provider preflight	none	External source endpoints and physical station bindings are environment-specific adapter inputs
domain_sources.polymarket_rtds.max_clock_skew_ms	deploy_config	keep_deploy	provider binding catalog	typed domain-source adapters	process start	typed source/binding validator and provider preflight	none	External source endpoints and physical station bindings are environment-specific adapter inputs
domain_sources.polymarket_rtds.websocket_url	deploy_config	keep_deploy	provider binding catalog	typed domain-source adapters	process start	typed source/binding validator and provider preflight	none	External source endpoints and physical station bindings are environment-specific adapter inputs
domain_sources.tornado.enabled	deploy_config	keep_deploy	provider binding catalog	typed domain-source adapters	process start	typed source/binding validator and provider preflight	none	External source endpoints and physical station bindings are environment-specific adapter inputs
domain_sources.tornado.ncei_csv_base_url	deploy_config	keep_deploy	provider binding catalog	typed domain-source adapters	process start	typed source/binding validator and provider preflight	none	External source endpoints and physical station bindings are environment-specific adapter inputs
domain_sources.tornado.ncei_refresh_secs	deploy_config	keep_deploy	provider binding catalog	typed domain-source adapters	process start	typed source/binding validator and provider preflight	none	External source endpoints and physical station bindings are environment-specific adapter inputs
domain_sources.tornado.request_timeout_ms	deploy_config	keep_deploy	provider binding catalog	typed domain-source adapters	process start	typed source/binding validator and provider preflight	none	External source endpoints and physical station bindings are environment-specific adapter inputs
domain_sources.tornado.spc_base_url	deploy_config	keep_deploy	provider binding catalog	typed domain-source adapters	process start	typed source/binding validator and provider preflight	none	External source endpoints and physical station bindings are environment-specific adapter inputs
domain_sources.tornado.spc_poll_secs	deploy_config	keep_deploy	provider binding catalog	typed domain-source adapters	process start	typed source/binding validator and provider preflight	none	External source endpoints and physical station bindings are environment-specific adapter inputs
domain_sources.weather_vertical_bindings.airnow_pm25_reporting_areas[].area	deploy_config	keep_deploy	provider binding catalog	typed domain-source adapters	process start	typed source/binding validator and provider preflight	none	External source endpoints and physical station bindings are environment-specific adapter inputs
domain_sources.weather_vertical_bindings.airnow_pm25_reporting_areas[].state	deploy_config	keep_deploy	provider binding catalog	typed domain-source adapters	process start	typed source/binding validator and provider preflight	none	External source endpoints and physical station bindings are environment-specific adapter inputs
domain_sources.weather_vertical_bindings.airnow_pm25_reporting_areas[].timezone	deploy_config	keep_deploy	provider binding catalog	typed domain-source adapters	process start	typed source/binding validator and provider preflight	none	External source endpoints and physical station bindings are environment-specific adapter inputs
domain_sources.weather_vertical_bindings.airnow_pm25_sites[].aqsid	deploy_config	keep_deploy	provider binding catalog	typed domain-source adapters	process start	typed source/binding validator and provider preflight	none	External source endpoints and physical station bindings are environment-specific adapter inputs
domain_sources.weather_vertical_bindings.airnow_pm25_sites[].contract_location	deploy_config	keep_deploy	provider binding catalog	typed domain-source adapters	process start	typed source/binding validator and provider preflight	none	External source endpoints and physical station bindings are environment-specific adapter inputs
domain_sources.weather_vertical_bindings.airnow_pm25_sites[].latitude	deploy_config	keep_deploy	provider binding catalog	typed domain-source adapters	process start	typed source/binding validator and provider preflight	none	External source endpoints and physical station bindings are environment-specific adapter inputs
domain_sources.weather_vertical_bindings.airnow_pm25_sites[].longitude	deploy_config	keep_deploy	provider binding catalog	typed domain-source adapters	process start	typed source/binding validator and provider preflight	none	External source endpoints and physical station bindings are environment-specific adapter inputs
domain_sources.weather_vertical_bindings.airnow_pm25_sites[].primary_resolution_url	deploy_config	keep_deploy	provider binding catalog	typed domain-source adapters	process start	typed source/binding validator and provider preflight	none	External source endpoints and physical station bindings are environment-specific adapter inputs
domain_sources.weather_vertical_bindings.airnow_pm25_sites[].site_name	deploy_config	keep_deploy	provider binding catalog	typed domain-source adapters	process start	typed source/binding validator and provider preflight	none	External source endpoints and physical station bindings are environment-specific adapter inputs
domain_sources.weather_vertical_bindings.airnow_pm25_sites[].state	deploy_config	keep_deploy	provider binding catalog	typed domain-source adapters	process start	typed source/binding validator and provider preflight	none	External source endpoints and physical station bindings are environment-specific adapter inputs
domain_sources.weather_vertical_bindings.airnow_pm25_sites[].timezone	deploy_config	keep_deploy	provider binding catalog	typed domain-source adapters	process start	typed source/binding validator and provider preflight	none	External source endpoints and physical station bindings are environment-specific adapter inputs
domain_sources.weather_vertical_bindings.hko_daily_temperature[].station	deploy_config	keep_deploy	provider binding catalog	typed domain-source adapters	process start	typed source/binding validator and provider preflight	none	External source endpoints and physical station bindings are environment-specific adapter inputs
domain_sources.weather_vertical_bindings.hko_daily_temperature[].timezone	deploy_config	keep_deploy	provider binding catalog	typed domain-source adapters	process start	typed source/binding validator and provider preflight	none	External source endpoints and physical station bindings are environment-specific adapter inputs
domain_sources.weather_vertical_bindings.hko_rainfall[].place	deploy_config	keep_deploy	provider binding catalog	typed domain-source adapters	process start	typed source/binding validator and provider preflight	none	External source endpoints and physical station bindings are environment-specific adapter inputs
domain_sources.weather_vertical_bindings.hko_rainfall[].timezone	deploy_config	keep_deploy	provider binding catalog	typed domain-source adapters	process start	typed source/binding validator and provider preflight	none	External source endpoints and physical station bindings are environment-specific adapter inputs
domain_sources.weather_vertical_bindings.nhc_historical_storms[].basin	deploy_config	keep_deploy	provider binding catalog	typed domain-source adapters	process start	typed source/binding validator and provider preflight	none	External source endpoints and physical station bindings are environment-specific adapter inputs
domain_sources.weather_vertical_bindings.nhc_historical_storms[].storm_id	deploy_config	keep_deploy	provider binding catalog	typed domain-source adapters	process start	typed source/binding validator and provider preflight	none	External source endpoints and physical station bindings are environment-specific adapter inputs
domain_sources.weather_vertical_bindings.nws_wind_stations[].station	deploy_config	keep_deploy	provider binding catalog	typed domain-source adapters	process start	typed source/binding validator and provider preflight	none	External source endpoints and physical station bindings are environment-specific adapter inputs
domain_sources.weather_vertical_bindings.nws_wind_stations[].timezone	deploy_config	keep_deploy	provider binding catalog	typed domain-source adapters	process start	typed source/binding validator and provider preflight	none	External source endpoints and physical station bindings are environment-specific adapter inputs
domain_sources.weather_vertical_bindings.tornado_regions[].ncei_state_name	deploy_config	keep_deploy	provider binding catalog	typed domain-source adapters	process start	typed source/binding validator and provider preflight	none	External source endpoints and physical station bindings are environment-specific adapter inputs
domain_sources.weather_vertical_bindings.tornado_regions[].region_id	deploy_config	keep_deploy	provider binding catalog	typed domain-source adapters	process start	typed source/binding validator and provider preflight	none	External source endpoints and physical station bindings are environment-specific adapter inputs
domain_sources.weather_vertical_bindings.tornado_regions[].spc_state_code	deploy_config	keep_deploy	provider binding catalog	typed domain-source adapters	process start	typed source/binding validator and provider preflight	none	External source endpoints and physical station bindings are environment-specific adapter inputs
domain_sources.weather_vertical_bindings.tornado_regions[].timezone	deploy_config	keep_deploy	provider binding catalog	typed domain-source adapters	process start	typed source/binding validator and provider preflight	none	External source endpoints and physical station bindings are environment-specific adapter inputs
keys.private_key	deploy_config	keep_deploy	SecretText	owning infrastructure or provider adapter	process start	typed format validation, Debug redaction and tracked-placeholder lint	plaintext_deploy_secret	The permission-restricted deploy TOML is the single secret source; values are zeroized and never serialized
lifecycle.environment	deploy_config	keep_deploy	typed DeployConfig	owning infrastructure adapter	process start	typed DeployConfig validator	none	Leaf is required to construct an immutable process dependency
lifecycle.expected_state	deploy_config	keep_deploy	typed DeployConfig	owning infrastructure adapter	process start	typed DeployConfig validator	none	Leaf is required to construct an immutable process dependency
market_data.data_api.base_url	deploy_config	keep_deploy	market_data_ingest resource budget	Gamma, Data API and CLOB ingest adapters	process start	provider binding and capacity validator	none	Provider endpoints, connection limits and ingest capacity are deployment-scoped
market_data.data_api.page_size	deploy_config	keep_deploy	market_data_ingest resource budget	Gamma, Data API and CLOB ingest adapters	process start	provider binding and capacity validator	none	Provider endpoints, connection limits and ingest capacity are deployment-scoped
market_data.data_api.size_threshold	deploy_config	keep_deploy	market_data_ingest resource budget	Gamma, Data API and CLOB ingest adapters	process start	provider binding and capacity validator	none	Provider endpoints, connection limits and ingest capacity are deployment-scoped
market_data.gamma.base_url	deploy_config	keep_deploy	market_data_ingest resource budget	Gamma, Data API and CLOB ingest adapters	process start	provider binding and capacity validator	none	Provider endpoints, connection limits and ingest capacity are deployment-scoped
market_data.gamma.max_keyset_pages	deploy_config	keep_deploy	market_data_ingest resource budget	Gamma, Data API and CLOB ingest adapters	process start	provider binding and capacity validator	none	Provider endpoints, connection limits and ingest capacity are deployment-scoped
market_data.gamma.max_keyset_requests	deploy_config	keep_deploy	market_data_ingest resource budget	Gamma, Data API and CLOB ingest adapters	process start	provider binding and capacity validator	none	Provider endpoints, connection limits and ingest capacity are deployment-scoped
market_data.gamma.page_size	deploy_config	keep_deploy	market_data_ingest resource budget	Gamma, Data API and CLOB ingest adapters	process start	provider binding and capacity validator	none	Provider endpoints, connection limits and ingest capacity are deployment-scoped
market_data.gamma.reconcile_interval_secs	deploy_config	keep_deploy	market_data_ingest resource budget	Gamma, Data API and CLOB ingest adapters	process start	provider binding and capacity validator	none	Provider endpoints, connection limits and ingest capacity are deployment-scoped
market_data.trade_tape_on_chain.batch_size	deploy_config	keep_deploy	market_data_ingest resource budget	Gamma, Data API and CLOB ingest adapters	process start	provider binding and capacity validator	none	Provider endpoints, connection limits and ingest capacity are deployment-scoped
market_data.trade_tape_on_chain.confirmations	deploy_config	keep_deploy	market_data_ingest resource budget	Gamma, Data API and CLOB ingest adapters	process start	provider binding and capacity validator	none	Provider endpoints, connection limits and ingest capacity are deployment-scoped
market_data.trade_tape_on_chain.enabled	deploy_config	keep_deploy	market_data_ingest resource budget	Gamma, Data API and CLOB ingest adapters	process start	provider binding and capacity validator	none	Provider endpoints, connection limits and ingest capacity are deployment-scoped
market_data.trade_tape_on_chain.max_blocks_per_request	deploy_config	keep_deploy	market_data_ingest resource budget	Gamma, Data API and CLOB ingest adapters	process start	provider binding and capacity validator	none	Provider endpoints, connection limits and ingest capacity are deployment-scoped
market_data.trade_tape_on_chain.max_blocks_per_tick	deploy_config	keep_deploy	market_data_ingest resource budget	Gamma, Data API and CLOB ingest adapters	process start	provider binding and capacity validator	none	Provider endpoints, connection limits and ingest capacity are deployment-scoped
market_data.trade_tape_on_chain.poll_secs	deploy_config	keep_deploy	market_data_ingest resource budget	Gamma, Data API and CLOB ingest adapters	process start	provider binding and capacity validator	none	Provider endpoints, connection limits and ingest capacity are deployment-scoped
market_data.trade_tape_on_chain.reconciliation_lookback_secs	deploy_config	keep_deploy	market_data_ingest resource budget	Gamma, Data API and CLOB ingest adapters	process start	provider binding and capacity validator	none	Provider endpoints, connection limits and ingest capacity are deployment-scoped
market_data.trade_tape_on_chain.reconciliation_match_window_ms	deploy_config	keep_deploy	market_data_ingest resource budget	Gamma, Data API and CLOB ingest adapters	process start	provider binding and capacity validator	none	Provider endpoints, connection limits and ingest capacity are deployment-scoped
market_data.trade_tape_on_chain.reconciliation_max_rows	deploy_config	keep_deploy	market_data_ingest resource budget	Gamma, Data API and CLOB ingest adapters	process start	provider binding and capacity validator	none	Provider endpoints, connection limits and ingest capacity are deployment-scoped
market_data.trade_tape_on_chain.reconciliation_terminal_age_secs	deploy_config	keep_deploy	market_data_ingest resource budget	Gamma, Data API and CLOB ingest adapters	process start	provider binding and capacity validator	none	Provider endpoints, connection limits and ingest capacity are deployment-scoped
market_data.websocket.engine_max_subscription_tokens	deploy_config	keep_deploy	market_data_ingest resource budget	Gamma, Data API and CLOB ingest adapters	process start	provider binding and capacity validator	none	Provider endpoints, connection limits and ingest capacity are deployment-scoped
market_data.websocket.engine_subscription_window_hours	deploy_config	keep_deploy	market_data_ingest resource budget	Gamma, Data API and CLOB ingest adapters	process start	provider binding and capacity validator	none	Provider endpoints, connection limits and ingest capacity are deployment-scoped
market_data.websocket.max_reconnect_delay_ms	deploy_config	keep_deploy	market_data_ingest resource budget	Gamma, Data API and CLOB ingest adapters	process start	provider binding and capacity validator	none	Provider endpoints, connection limits and ingest capacity are deployment-scoped
market_data.websocket.max_subscriptions_per_connection	deploy_config	keep_deploy	market_data_ingest resource budget	Gamma, Data API and CLOB ingest adapters	process start	provider binding and capacity validator	none	Provider endpoints, connection limits and ingest capacity are deployment-scoped
market_data.websocket.reconnect_delay_ms	deploy_config	keep_deploy	market_data_ingest resource budget	Gamma, Data API and CLOB ingest adapters	process start	provider binding and capacity validator	none	Provider endpoints, connection limits and ingest capacity are deployment-scoped
notifications.telegram.bot_token	deploy_config	keep_deploy	SecretText	owning infrastructure or provider adapter	process start	typed format validation, Debug redaction and tracked-placeholder lint	plaintext_deploy_secret	The permission-restricted deploy TOML is the single secret source; values are zeroized and never serialized
notifications.telegram.chat_id	deploy_config	keep_deploy	typed DeployConfig	owning infrastructure adapter	process start	typed DeployConfig validator	none	Leaf is required to construct an immutable process dependency
notifications.webhook.authorization	deploy_config	keep_deploy	SecretText	owning infrastructure or provider adapter	process start	typed format validation, Debug redaction and tracked-placeholder lint	plaintext_deploy_secret	The permission-restricted deploy TOML is the single secret source; values are zeroized and never serialized
notifications.webhook.url	deploy_config	keep_deploy	typed DeployConfig	owning infrastructure adapter	process start	typed DeployConfig validator	none	Leaf is required to construct an immutable process dependency
observability.log_json	deploy_config	keep_deploy	observability deployment policy	tracing and alert adapters	process start	typed log-level and channel binding validator	none	Telemetry sinks and process logging are deployment concerns
observability.log_level	deploy_config	keep_deploy	observability deployment policy	tracing and alert adapters	process start	typed log-level and channel binding validator	none	Telemetry sinks and process logging are deployment concerns
polymarket.chain_id	deploy_config	migrate	Polymarket protocol catalog constant	EIP-712 and transaction signing	application build	compile-time protocol contract	public_protocol_value	The chain id is an external protocol invariant and must not be operator editable
polymarket.clob_base_url	deploy_config	keep_deploy	Polymarket provider binding	CLOB, on-chain and relayer clients	process start	typed endpoint and timeout validation	none	External service locations and transport timeouts vary by deployment
polymarket.clob_market_info_refresh_secs	deploy_config	keep_deploy	Polymarket provider binding	CLOB, on-chain and relayer clients	process start	typed endpoint and timeout validation	none	External service locations and transport timeouts vary by deployment
polymarket.clob_ws_url	deploy_config	keep_deploy	Polymarket provider binding	CLOB, on-chain and relayer clients	process start	typed endpoint and timeout validation	none	External service locations and transport timeouts vary by deployment
polymarket.onchain.rpc_endpoint.source	deploy_config	keep_deploy	Polymarket provider binding	CLOB, on-chain and relayer clients	process start	typed endpoint and timeout validation	none	External service locations and transport timeouts vary by deployment
polymarket.onchain.rpc_endpoint.url	deploy_config	keep_deploy	SecretText	owning infrastructure or provider adapter	process start	typed format validation, Debug redaction and tracked-placeholder lint	plaintext_deploy_secret	The permission-restricted deploy TOML is the single secret source; values are zeroized and never serialized
polymarket.onchain.rpc_timeout_ms	deploy_config	keep_deploy	Polymarket provider binding	CLOB, on-chain and relayer clients	process start	typed endpoint and timeout validation	none	External service locations and transport timeouts vary by deployment
polymarket.order_post_timeout_ms	deploy_config	keep_deploy	Polymarket provider binding	CLOB, on-chain and relayer clients	process start	typed endpoint and timeout validation	none	External service locations and transport timeouts vary by deployment
polymarket.relayer.api_key	deploy_config	keep_deploy	SecretText	owning infrastructure or provider adapter	process start	typed format validation, Debug redaction and tracked-placeholder lint	plaintext_deploy_secret	The permission-restricted deploy TOML is the single secret source; values are zeroized and never serialized
polymarket.relayer.base_url	deploy_config	keep_deploy	Polymarket provider binding	CLOB, on-chain and relayer clients	process start	typed endpoint and timeout validation	none	External service locations and transport timeouts vary by deployment
polymarket.relayer.request_timeout_ms	deploy_config	keep_deploy	Polymarket provider binding	CLOB, on-chain and relayer clients	process start	typed endpoint and timeout validation	none	External service locations and transport timeouts vary by deployment
quant.account.wallet_kind	deploy_config	keep_deploy	execution identity binding	account and signer adapters	process start	typed wallet-kind and credential preflight	credential_metadata	Wallet implementation is a deployment identity choice, not a hot policy
quant.research_jobs.backtest_concurrency	deploy_config	merge	research_jobs resource budget	research worker scheduler	process start	derived lease, heartbeat and concurrency invariants	none	Independent worker timings and capacities must be derived from one coherent host budget
quant.research_jobs.dataset_build_concurrency	deploy_config	merge	research_jobs resource budget	research worker scheduler	process start	derived lease, heartbeat and concurrency invariants	none	Independent worker timings and capacities must be derived from one coherent host budget
quant.research_jobs.feature_parity_concurrency	deploy_config	merge	research_jobs resource budget	research worker scheduler	process start	derived lease, heartbeat and concurrency invariants	none	Independent worker timings and capacities must be derived from one coherent host budget
quant.research_jobs.global_concurrency	deploy_config	merge	research_jobs resource budget	research worker scheduler	process start	derived lease, heartbeat and concurrency invariants	none	Independent worker timings and capacities must be derived from one coherent host budget
quant.research_jobs.heartbeat_secs	deploy_config	merge	research_jobs resource budget	research worker scheduler	process start	derived lease, heartbeat and concurrency invariants	none	Independent worker timings and capacities must be derived from one coherent host budget
quant.research_jobs.lease_ttl_secs	deploy_config	merge	research_jobs resource budget	research worker scheduler	process start	derived lease, heartbeat and concurrency invariants	none	Independent worker timings and capacities must be derived from one coherent host budget
quant.research_jobs.max_recovery_attempts	deploy_config	merge	research_jobs resource budget	research worker scheduler	process start	derived lease, heartbeat and concurrency invariants	none	Independent worker timings and capacities must be derived from one coherent host budget
quant.research_jobs.max_spine_samples	deploy_config	merge	research_jobs resource budget	research worker scheduler	process start	derived lease, heartbeat and concurrency invariants	none	Independent worker timings and capacities must be derived from one coherent host budget
quant.research_jobs.model_train_concurrency	deploy_config	merge	research_jobs resource budget	research worker scheduler	process start	derived lease, heartbeat and concurrency invariants	none	Independent worker timings and capacities must be derived from one coherent host budget
quant.research_jobs.plan_sample_markets	deploy_config	merge	research_jobs resource budget	research worker scheduler	process start	derived lease, heartbeat and concurrency invariants	none	Independent worker timings and capacities must be derived from one coherent host budget
quant.research_jobs.plan_sample_slices	deploy_config	merge	research_jobs resource budget	research worker scheduler	process start	derived lease, heartbeat and concurrency invariants	none	Independent worker timings and capacities must be derived from one coherent host budget
quant.research_jobs.poll_secs	deploy_config	merge	research_jobs resource budget	research worker scheduler	process start	derived lease, heartbeat and concurrency invariants	none	Independent worker timings and capacities must be derived from one coherent host budget
quant.research_jobs.progress_min_interval_ms	deploy_config	merge	research_jobs resource budget	research worker scheduler	process start	derived lease, heartbeat and concurrency invariants	none	Independent worker timings and capacities must be derived from one coherent host budget
quant.research_jobs.shutdown_drain_secs	deploy_config	merge	research_jobs resource budget	research worker scheduler	process start	derived lease, heartbeat and concurrency invariants	none	Independent worker timings and capacities must be derived from one coherent host budget
quant.research_jobs.trade_policy_fit_concurrency	deploy_config	merge	research_jobs resource budget	research worker scheduler	process start	derived lease, heartbeat and concurrency invariants	none	Independent worker timings and capacities must be derived from one coherent host budget
quant.research_jobs.trade_policy_validation_concurrency	deploy_config	merge	research_jobs resource budget	research worker scheduler	process start	derived lease, heartbeat and concurrency invariants	none	Independent worker timings and capacities must be derived from one coherent host budget
quant.workers.equity_snapshot_secs	deploy_config	merge	report_execution resource budget	report and execution worker supervisors	process start	derived queue, lease and poll invariants	none	Worker-level knobs are consolidated to prevent contradictory timing relationships
quant.workers.execution_breaker_tick_secs	deploy_config	merge	report_execution resource budget	report and execution worker supervisors	process start	derived queue, lease and poll invariants	none	Worker-level knobs are consolidated to prevent contradictory timing relationships
quant.workers.execution_dispatch_secs	deploy_config	merge	report_execution resource budget	report and execution worker supervisors	process start	derived queue, lease and poll invariants	none	Worker-level knobs are consolidated to prevent contradictory timing relationships
quant.workers.intent_expire_sweep_secs	deploy_config	merge	report_execution resource budget	report and execution worker supervisors	process start	derived queue, lease and poll invariants	none	Worker-level knobs are consolidated to prevent contradictory timing relationships
quant.workers.report_ad_hoc_queue_capacity	deploy_config	merge	report_execution resource budget	report and execution worker supervisors	process start	derived queue, lease and poll invariants	none	Worker-level knobs are consolidated to prevent contradictory timing relationships
quant.workers.report_ad_hoc_queue_ttl_secs	deploy_config	merge	report_execution resource budget	report and execution worker supervisors	process start	derived queue, lease and poll invariants	none	Worker-level knobs are consolidated to prevent contradictory timing relationships
quant.workers.report_expire_sweep_secs	deploy_config	merge	report_execution resource budget	report and execution worker supervisors	process start	derived queue, lease and poll invariants	none	Worker-level knobs are consolidated to prevent contradictory timing relationships
quant.workers.report_run_heartbeat_secs	deploy_config	merge	report_execution resource budget	report and execution worker supervisors	process start	derived queue, lease and poll invariants	none	Worker-level knobs are consolidated to prevent contradictory timing relationships
quant.workers.report_run_lease_secs	deploy_config	merge	report_execution resource budget	report and execution worker supervisors	process start	derived queue, lease and poll invariants	none	Worker-level knobs are consolidated to prevent contradictory timing relationships
quant.workers.report_schedule_poll_secs	deploy_config	merge	report_execution resource budget	report and execution worker supervisors	process start	derived queue, lease and poll invariants	none	Worker-level knobs are consolidated to prevent contradictory timing relationships
research.artifact_store.bucket	deploy_config	keep_deploy	research_jobs resource budget	artifact-store adapter	process start	typed artifact-store binding validation	none	Artifact storage location and adapter type are infrastructure choices
research.artifact_store.kind	deploy_config	keep_deploy	research_jobs resource budget	artifact-store adapter	process start	typed artifact-store binding validation	none	Artifact storage location and adapter type are infrastructure choices
research.artifact_store.path_style	deploy_config	keep_deploy	research_jobs resource budget	artifact-store adapter	process start	typed artifact-store binding validation	none	Artifact storage location and adapter type are infrastructure choices
research.artifact_store.prefix	deploy_config	keep_deploy	research_jobs resource budget	artifact-store adapter	process start	typed artifact-store binding validation	none	Artifact storage location and adapter type are infrastructure choices
research.artifact_store.region	deploy_config	keep_deploy	research_jobs resource budget	artifact-store adapter	process start	typed artifact-store binding validation	none	Artifact storage location and adapter type are infrastructure choices
research.artifact_store.require_object_lock	deploy_config	keep_deploy	research_jobs resource budget	artifact-store adapter	process start	typed artifact-store binding validation	none	Artifact storage location and adapter type are infrastructure choices
research.artifact_store.require_versioning	deploy_config	keep_deploy	research_jobs resource budget	artifact-store adapter	process start	typed artifact-store binding validation	none	Artifact storage location and adapter type are infrastructure choices
research.evidence_attestation.previous_signing_keys[]	deploy_config	keep_deploy	SecretText	owning infrastructure or provider adapter	process start	typed format validation, Debug redaction and tracked-placeholder lint	plaintext_deploy_secret	The permission-restricted deploy TOML is the single secret source; values are zeroized and never serialized
research.evidence_attestation.signing_key	deploy_config	keep_deploy	SecretText	owning infrastructure or provider adapter	process start	typed format validation, Debug redaction and tracked-placeholder lint	plaintext_deploy_secret	The permission-restricted deploy TOML is the single secret source; values are zeroized and never serialized
web.cors_allowed_origins[]	deploy_config	keep_deploy	web resource budget and identity	HTTP server and authentication layer	process start	typed bind, JWT and path validation	none	Listener, deployment identity and authentication issuer are startup contracts
web.jwt.absolute_session_ttl_secs	deploy_config	keep_deploy	web resource budget and identity	HTTP server and authentication layer	process start	typed bind, JWT and path validation	none	Listener, deployment identity and authentication issuer are startup contracts
web.jwt.access_ttl_secs	deploy_config	keep_deploy	web resource budget and identity	HTTP server and authentication layer	process start	typed bind, JWT and path validation	none	Listener, deployment identity and authentication issuer are startup contracts
web.jwt.audience	deploy_config	keep_deploy	web resource budget and identity	HTTP server and authentication layer	process start	typed bind, JWT and path validation	none	Listener, deployment identity and authentication issuer are startup contracts
web.jwt.issuer	deploy_config	keep_deploy	web resource budget and identity	HTTP server and authentication layer	process start	typed bind, JWT and path validation	none	Listener, deployment identity and authentication issuer are startup contracts
web.jwt.refresh_ttl_secs	deploy_config	keep_deploy	web resource budget and identity	HTTP server and authentication layer	process start	typed bind, JWT and path validation	none	Listener, deployment identity and authentication issuer are startup contracts
web.jwt.signing_key	deploy_config	keep_deploy	SecretText	owning infrastructure or provider adapter	process start	typed format validation, Debug redaction and tracked-placeholder lint	plaintext_deploy_secret	The permission-restricted deploy TOML is the single secret source; values are zeroized and never serialized
web.listen_host	deploy_config	keep_deploy	web resource budget and identity	HTTP server and authentication layer	process start	typed bind, JWT and path validation	none	Listener, deployment identity and authentication issuer are startup contracts
web.listen_port	deploy_config	keep_deploy	web resource budget and identity	HTTP server and authentication layer	process start	typed bind, JWT and path validation	none	Listener, deployment identity and authentication issuer are startup contracts
web.serve_static_ui	deploy_config	keep_deploy	web resource budget and identity	HTTP server and authentication layer	process start	typed bind, JWT and path validation	none	Listener, deployment identity and authentication issuer are startup contracts
web.static_ui_dir	deploy_config	keep_deploy	web resource budget and identity	HTTP server and authentication layer	process start	typed bind, JWT and path validation	none	Listener, deployment identity and authentication issuer are startup contracts
